Zona 1,Zona 1.1,2008,25345678,22181470,1092,18.4,0.0169,27,25498,23.36,295.59,843400,-,-,-,-,-,-,-,-,0.8751578868791752,7.938702393496914,-
Zona 1,Zona 1.1,2009,25190646,22247729,1100,15.32,0.0139,25,28109,25.56,304.46,866827,0,180,289,-,-,16.37,10.28,0.25,0.8831742147462197,7.329805728518057,55.65123689096292
Zona 1,Zona 1.1,2010,24006089,21781851,1105,8.67,0.0078,20,28218,25.54,302.66,737851,0,189,418,74,-,17.11,14.81,0.196,0.9073469235242775,5.514753610611789,55.4115292652553
Zona 1,Zona 1.1,2011,23878686,21544417,1116,10.79,0.0097,23,28406,25.46,299.71,782357,0,199,427,32,-,13.18,14.61,0.19,0.9022446628763409,5.730517503805174,54.005705076551166
Zona 1,Zona 1.1,2012,23572415,21225990,1120,8.66,0.0077,24,28465,25.42,298.93,687761,0,186,469,41,-,14.38,16.05,0.093,0.9004588626154766,5.739787181996086,52.89050179211469
Zona 1,Zona 1.1,2013,22308686,20721121,1123,10.16,0.009,24,28626,25.49,298.39,702373,0,167,493,43,-,13.71,16.91,0.279,0.9288364630709312,3.87310164798302,51.92267612524462
Zona 1,Zona 1.1,2014,21944372,20479287,1122,4.455,0.004,25,28708,25.58,298.55,743213,0,183,420,55,-,14.88,14.18,0.186,0.9332364125070428,3.5774790613630256,50.55226582417449,50.00680536224452
Zona 1,Zona 1.2,2008,524121,524121,-,0,0,-,-,-,-,-,-,-,-,-,-,-,-,-,-,-,-
Zona 1,Zona 1.2,2009,441808,441808,-,0,0,-,-,-,-,-,0,0,0,-,-,54.85,-,-,-,-,-
Zona 1,Zona 1.2,2010,317843,317843,-,0,0,-,-,-,-,-,0,0,0,-,-,62.38,-,-,-,-,-
Zona 1,Zona 1.2,2011,254109,254109,-,0,0,-,31,-,-,-,0,0,0,0,-,46.15,0,-,-,-,-
Zona 1,Zona 1.2,2012,255378,254838,-,0,0,-,31,-,-,-,0,0,0,-,-,53.02,0,-,-,-,-
Zona 1,Zona 1.2,2013,171530,171530,-,0,0,26,31,-,-,-,0,0,0,-,-,47.75,0,-,-,-,-
Zona 1,Zona 1.2,2014,206667,206667,-,0,0,27,31,-,-,-,0,0,0,0,-,36.07,0,-,-,-,-,-
Zona 1,Zona 1.3,2008,3656540,2883452,207,0.5,0.0024,25,4980,24.01,120.79,49400,-,-,-,-,-,-,-,-,0.7885738977284537,10.232122295016875,-
Zona 1,Zona 1.3,2009,3669858,2955020,215,6.81,0.0317,24,5525,25.68,123.23,98345,0,118,118,-,-,18.6,21.36,0.102,0.8052137167160146,9.109117553360942,38.16361590894051
Zona 1,Zona 1.3,2010,3414349,2849025,213,4.08,0.0191,21,5669,26.59,126.36,210190,0,133,109,-,-,11.19,19.23,0.068,0.8344270020434349,7.271515853109524,37.65555909525327
Zona 1,Zona 1.3,2011,3447059,2852286,215,2.51,0.0117,25,5754,26.82,127.46,143088,0,123,146,18,-,11.94,24.5,0,0.8274549405739792,7.579139853456514,36.645765000964694
Zona 1,Zona 1.3,2012,3474832,2877239,209,1.91,0.0091,26,5819,27.8,132.36,111192,0,134,105,16,-,11.18,16.5,0,0.8280224770578837,7.833689454021105,36.34642879898057
Zona 1,Zona 1.3,2013,3519314,2763190,207,2.65,0.0128,19,5604,27.03,135.93,172720,0,119,109,6,-,9.77,16.77,0,0.7851501741532583,10.007597114684666,37.7169692600118
Zona 1,Zona 1.3,2014,3565912,2796856,208,1.998,0.0096,20,5673,27.28,135.55,199839,0,95,90,20,-,5.99,14.98,0.08,0.784331189328284,10.129820864067439,36.57190126397988,36.839515279241304
Zona 1,Zona 1.4,2008,-,-,-,-,-,-,-,-,-,-,-,-,-,-,-,-,-,-,-,-,-
Zona 1,Zona 1.4,2009,-,-,-,-,0,-,-,-,-,-,-,-,-,-,-,19.09,-,-,-,-,-
Zona 1,Zona 1.4,2010,-,-,181,3.33,0.0184,-,-,-,-,8800075,9,0,0,-,4.96,36.36,-,-,-,-,-
Zona 1,Zona 1.4,2011,-,-,190,0.02,0.0001,-,-,-,-,7737459,1,-,-,2,0.53,47.47,-,-,-,-,-
Zona 1,Zona 1.4,2012,-,-,190,0,0,-,-,-,-,8281711,4,0,0,2,2.11,40.73,-,-,-,-,-
Zona 1,Zona 1.4,2013,-,-,190,0,0,29,-,-,-,7808007,12,-,-,0,6.32,37.87,-,-,-,-,-
Zona 1,Zona 1.4,2014,-,-,190,0,0,29,-,-,-,7145089,4,-,-,0,2.11,27.17,-,-,-,-,-,-
Zona 1,Zona 1.5,2008,751951,628977,96,1.63,0.0171,24,2577,26.96,67.97,30500,-,-,-,-,-,-,-,-,0.8364600884898085,3.50953196347032,-
Zona 1,Zona 1.5,2009,803349,622038,124,2.68,0.0217,18,3046,24.64,59.58,9938,0,23,42,-,-,12.31,13.79,0,0.7743060612510876,4.005987627043748,17.950256849315068
Zona 1,Zona 1.5,2010,763073,584000,125,0.46,0.0037,6,3061,24.46,60.79,12032,0,14,14,-,-,6.13,4.57,0,0.7653265152875282,3.924887671232877,13.74365885992046
Zona 1,Zona 1.5,2011,742936,611487,126,0.06,0.0005,18,3072,24.44,61.83,7817,0,18,35,1,-,13.98,11.07,0.067,0.823068205067462,2.8582083061535117,12.8
Zona 1,Zona 1.5,2012,777496,575402,125,0.4,0.0032,19,3088,24.66,62.32,5942,0,21,31,1,-,3.46,9.72,0,0.7400706884665644,4.429457534246575,13.296086105675146
Zona 1,Zona 1.5,2013,802933,555079,133,0.55,0.0041,26,3079,23.15,58.69,7461,0,16,24,0,-,6.99,7.47,0.154,0.6913142192436978,5.105654547327222,12.611550684931508
Zona 1,Zona 1.5,2014,688024,561239,134,0.367,0.0027,27,3090,23.14,58.46,5871,0,9,18,0,-,6.12,5.83,0.5,0.8157259049102938,2.592210181966878,11.434318673395817,11.474933551420976
Zona 1,Zona 1.6,2008,2399197,1912933,156,0.05,0.0003,35,5435,34.81,214.48,593000,-,-,-,-,-,-,-,-,0.7973221873818616,8.539936775553214,-
Zona 1,Zona 1.6,2009,2393628,1908970,152,8.97,0.0591,33,6000,39.5,227.29,581810,0,29,85,-,-,48.93,14.17,0,0.7975215864787678,8.735724585436193,33.595591851071305
Zona 1,Zona 1.6,2010,2372762,1866617,168,4.34,0.0259,15,6022,35.89,206.44,776371,0,61,76,-,-,16.93,12.62,0.066,0.7866853059851767,8.254158512720156,34.40825522710887
Zona 1,Zona 1.6,2011,2356697,1856037,169,0.33,0.002,28,6038,35.83,206.06,762497,0,107,69,5,-,11.2,10.43,0.063,0.787558604266904,8.116397827672854,30.440590345727333
Zona 1,Zona 1.6,2012,2430938,1883593,169,3.03,0.0179,28,6067,35.81,204.8,810933,0,71,81,4,-,10.58,13.19,0.014,0.7748420568521287,8.873226878495583,30.088951933209046
Zona 1,Zona 1.6,2013,2309204,1804519,169,2.03,0.012,27,6078,35.97,205.69,748842,0,65,61,2,-,13.18,10.04,0.109,0.7814463338882143,8.181648699035422,30.53567317824431
Zona 1,Zona 1.6,2014,2277539,1791157,169,1.239,0.0073,28,6109,36.08,205.27,685892,0,51,51,6,-,7.25,8.18,0.13,0.7864440521106334,7.884931506849315,29.2537732025614,29.037156521034287
Zona 1,Zona 1.7,2008,1910541,1807745,110,1.03,0.0094,31,2510,22.81,190.83,4500,-,-,-,-,-,-,-,-,0.9461953446693895,2.5602988792029886,-
Zona 1,Zona 1.7,2009,2174476,1862344,114,1.17,0.0103,28,2605,22.91,192.96,-,0,14,17,-,-,-,6.53,0.143,0.8564564520371805,7.501369863013698,45.02478206724783
Zona 1,Zona 1.7,2010,2228578,1780754,114,0.58,0.0051,20,2616,22.9,193.8,-,0,7,14,4,-,-,5.35,0,0.7990539258666288,10.762412881518866,44.75712569093968
Zona 1,Zona 1.7,2011,2242550,1756527,114,1,0.0087,24,2620,22.9,197.12,-,0,25,7,4,-,-,2.67,0.188,0.7832721678446412,11.680437394857005,42.79629896659457
Zona 1,Zona 1.7,2012,2233246,1770403,116,0.63,0.0054,25,2842,24.56,196.54,-,0,14,16,3,-,-,4.93,0,0.7927487612202149,10.931577704298537,42.214059120403746
Zona 1,Zona 1.7,2013,2131932,1839970,114,0.41,0.0036,,2842,24.82,201.12,-,0,15,18,5,-,-,6.33,0.5,0.8630528553443543,7.01663061763999,41.81395843174303
Zona 1,Zona 1.7,2014,2178066,1874215,114,0.325,0.0028,,2899,25.34,201.3,-,0,11,22,2,-,-,6.9,0.286,0.8604950446864328,7.302355203076184,44.219418409036294,45.04241768805576
Zona 1,Zona 1.8,2008,5087383,4022655,299,8.91,0.0298,35,7908,26.43,164.89,-,-,-,-,-,-,-,-,-,0.7907120419280405,9.756063590965319,-
Zona 1,Zona 1.8,2009,4588837,4067961,300,0.3,0.001,29,8731,29.06,176.85,-,0,147,420,-,-,-,48.1,0.061,0.8864906293250338,4.756858447488584,36.85944014294223
Zona 1,Zona 1.8,2010,4580388,3848174,301,1.27,0.0042,27,8782,29.16,179.58,-,0,51,161,-,-,-,18.33,0.039,0.8401414901969003,6.66467027715833,37.15032876712329
Zona 1,Zona 1.8,2011,4901428,3943079,304,1.33,0.0044,26,8802,28.99,179.58,-,0,39,153,10,-,-,17.16,0.029,0.8044755528388869,8.636887166546503,35.02638692941337
Zona 1,Zona 1.8,2012,4870611,3995900,302,2.49,0.0082,26,8817,29.15,182.17,-,0,38,151,9,-,-,16.9,0.25,0.820410416680782,7.935326136260546,35.53604001441961
Zona 1,Zona 1.8,2013,4885952,3927194,303,0.7,0.0023,,8824,29.08,183.81,-,0,43,195,4,-,-,21.42,0.15,0.8037725298979606,8.6690899226909,36.250566996280504
Zona 1,Zona 1.8,2014,4818310,4040703,303,0.434,0.0014,,8823,29.08,183.86,-,0,22,123,3,-,-,13.71,0.182,0.8386141613968383,7.031122564311225,35.50968850309688,36.53603689136037
Zona 2,Agost,2008,206778,127575,29,2.138,0.0746,25,945,32.96,52.84,425308,-,-,-,-,-,-,-,-,0.6169660215303369,7.482569674067076,-
Zona 2,Agost,2009,184109,116938,29,2.5,0.0864,26,947,32.73,52.37,466517,1,19,15,-,-,65.68,15.84,0.316,0.6351563475984335,6.345866792631082,12.052432687765707
Zona 2,Agost,2010,181548,110843,31,0.32,0.0105,27,990,32.5,50.23,485403,0,30,23,10,0,98.49,23.23,0.3,0.6105437680393064,6.248784798939462,11.04752007557865
Zona 2,Agost,2011,179117,111693,32,0.78,0.0244,28,995,31.24,48.04,417637,0,25,36,9,0,69.07,36.18,0.182,0.6235756516690208,5.772602739726027,9.796111356606275
Zona 2,Agost,2012,191117,115492,32,0.12,0.0037,29,1005,31.37,47,429829,0,42,61,12,0,131.09,60.7,0.262,0.6042999837795696,6.474743150684931,9.562756849315068
Zona 2,Agost,2013,172829,123074,34,0.56,0.0167,28,1007,30.01,44.87,330620,0,39,52,14,0,113.23,51.64,0.211,0.7121142863755504,4.009266720386785,9.888013698630138
Zona 2,Agost,2014,164459,115311,34,0.941,0.028,28,1008,30.04,44.87,350752,0,43,30,8,0,125.15,29.76,0.595,0.7011534789826036,3.960354552780016,9.917324738114424,9.291780821917808
Zona 2,Villajoyosa,2008,565631,428094,77,0.38,0.005,28,2214,31.85,103.47,741224,-,-,-,-,-,-,-,-,0.7568432423258272,4.893684397793987,-
Zona 2,Villajoyosa,2009,586424,423087,77,1.02,0.0132,27,2234,31.82,102.46,833885,0,60,117,-,0,85.47,52.37,0.133,0.7214694487265187,5.811670521259562,15.231951610033802
Zona 2,Villajoyosa,2010,608508,396499,76,0.15,0.002,28,2356,33.51,102.32,124439,0,36,100,38,0,51.21,42.44,0.167,0.6515920908188553,7.642718096611391,15.053798256537984
Zona 2,Villajoyosa,2011,559163,400859,76,0.63,0.0082,29,2347,33.39,102.32,491314,0,32,76,36,0,44.1,32.38,0.161,0.7168911390775141,5.7067051189617874,14.29340302811824
Zona 2,Villajoyosa,2012,579148,403575,77,0,0,30,2364,33.39,101.6,457112,0,37,115,42,0,50.85,48.22,0.139,0.6968426032723932,6.2470378936132365,14.45057678442682
Zona 2,Villajoyosa,2013,502815,366594,77,0.96,0.0125,30,2371,33.44,100.94,383773,0,32,71,18,0,40.9,29.95,0.103,0.7290832612392232,4.846859989325743,14.359544565024017
Zona 2,Villajoyosa,2014,522329,376482,77,0.66,0.0086,31,2382,33.66,101.15,404552,0,31,80,13,0,42.4,32.33,0.233,0.7207756031160437,5.1893613236078995,13.04372887386586,13.395552392812668
Zona 2,Zona 2.3,2008,-,-,-,-,-,-,-,-,-,-,-,-,-,-,-,-,-,-,-,-,-
Zona 2,Zona 2.3,2009,-,-,-,-,-,-,-,-,-,-,-,-,-,-,-,-,-,-,-,-,-
Zona 2,Zona 2.3,2010,78479,39939,41,0,0,28,798,20.13,45.68,673626,0,2,7,11,0,5.04,8.77,0,0.5089132124517387,2.5753424657534247,-
Zona 2,Zona 2.3,2011,323481,150135,41,0,0,29,1129,28.48,45.68,607056,0,23,53,12,0,55.49,46.94,0.773,0.46412308605451325,11.583427998663549,2.668827263615102
Zona 2,Zona 2.3,2012,309316,146353,41,0,0,30,1293,32.61,45.05,637160,0,35,55,15,0,85.75,40.22,0.441,0.473150435153694,10.8896090878717,10.03240895422653
Zona 2,Zona 2.3,2013,262492,137490,41,0,0,31,1293,32.61,44.84,560615,0,18,23,9,0,45.4,17.79,0.278,0.5237873916157445,8.352956899432009,9.77968593384564
Zona 2,Zona 2.3,2014,273256,144518,41,0,0,29,1296,32.61,44.74,564734,0,21,47,1,0,50.33,36.27,0.45,0.5288740228942823,8.60260608085533,9.187437353825594,9.657066488473104
Zona 2,Zona 2.4,2008,417860,287728,60,0.2,0.0033,42,1632,28.51,64.52,1173328,-,-,-,-,-,-,-,-,0.6885751208538745,5.942100456621005,-
Zona 2,Zona 2.4,2009,480599,310615,62,1.46,0.0237,41,1662,28.28,62.83,1251653,0,32,37,-,0,54.44,22.26,0.188,0.6463080447524859,7.511444984533804,13.138264840182647
Zona 2,Zona 2.4,2010,409155,285799,62,0.38,0.0062,42,1764,30.01,62.83,1190019,0,30,38,25,0,51.04,21.54,0.333,0.6985103444904742,5.4509942554131685,13.725806451612902
Zona 2,Zona 2.4,2011,392800,273034,62,0.31,0.005,43,1731,29.33,62.57,1234988,0,23,42,24,0,35.58,24.26,0.095,0.6950967413441955,5.292355280600972,12.629209014582413
Zona 2,Zona 2.4,2012,413661,271065,62,0.18,0.0029,44,1741,29.47,61.77,1320278,0,30,45,29,0,45.7,25.85,0.185,0.6552829490814943,6.301193106495802,12.065134776844896
Zona 2,Zona 2.4,2013,372650,248029,62,0.33,0.0053,45,1745,29.53,62.43,555398,0,28,25,17,0,42.31,14.33,0.12,0.6655816449751778,5.506893504197968,11.978126380910297
Zona 2,Zona 2.4,2014,383115,259445,62,0,0,46,1761,29.77,62.36,410763,0,26,26,1,0,43.95,14.76,0.269,0.6771987523328504,5.464869642068051,10.960185594343791,11.46464869642068
Zona 2,Zona 2.5,2008,970287,811323,131,6.42,0.049,33,4200,33.33,79.53,51917,-,-,-,-,-,-,-,-,0.8361680616147593,3.324563421520443,-
Zona 2,Zona 2.5,2009,1006001,799780,139,0.99,0.0071,34,4225,31.53,77.06,109074,0,71,68,-,0,52.98,16.09,0.085,0.795009150090308,4.06466936040209,16.96795984523685
Zona 2,Zona 2.5,2010,940436,720531,140,0.78,0.0056,35,4868,36.06,77.89,88300,0,73,105,36,0,54.08,21.57,0.11,0.7661669693631464,4.303424657534246,15.763871094904898
Zona 2,Zona 2.5,2011,920548,709586,140,0.08,0.0006,36,4702,34.73,77.86,99028,2,83,119,20,40,58.35,23.82,0.051,0.7708299838791677,4.128414872798435,14.100410958904108
Zona 2,Zona 2.5,2012,990514,726444,141,0,0,37,4744,34.93,77.85,109072,2,102,104,36,40,74.36,21.08,0.04,0.7334010422871358,5.1310599436510245,13.886223091976518
Zona 2,Zona 2.5,2013,905888,658732,141,0,0,38,4771,35.13,77.89,104752,1,104,83,28,20,76.57,16.98,0.029,0.7271671553216291,4.802409404449626,14.11530166132323
Zona 2,Zona 2.5,2014,943556,685436,141,0,0,39,4787,35.24,77.89,123459,1,87,102,21,20,61.85,21.31,0.083,0.7264391302688976,5.01544739143107,12.799611386379095,13.318488293014669
Zona 2,Zona 2.6,2008,2135614,1785179,284,1,0.0035,19,6784,23.89,99.2,221294,-,-,-,-,-,-,-,-,0.8359090172662288,3.3806193324329543,-
Zona 2,Zona 2.6,2009,2147155,1744685,286,0.64,0.0022,20,6852,24,100.18,245056,0,113,122,-,-,39.58,17.81,0.478,0.8125566156146157,3.855445923939074,17.22148369670075
Zona 2,Zona 2.6,2010,2069305,1637889,286,1.87,0.0065,21,6914,24.21,100.62,221128,-,59,232,10,-,20.66,33.56,0.271,0.7915164753383382,4.132733020404253,16.7131430213622
Zona 2,Zona 2.6,2011,2008374,1647186,286,3.16,0.0111,22,6975,24.42,99.3,199244,-,42,188,12,-,12.6,26.95,0.278,0.820158994290904,3.459986588753712,15.690094836670179
Zona 2,Zona 2.6,2012,1985033,1658941,312,0.1,0.0003,21,7063,22.64,90.92,227826,-,37,192,17,-,8.33,27.04,0.038,0.8357246453837291,2.8634703196347036,15.779155091483858
Zona 2,Zona 2.6,2013,1848834,1581093,312,0.23,0.0007,22,7082,22.67,90.77,232751,-,56,161,9,-,16.64,22.59,0.192,0.8551838618285903,2.3510800842992623,14.567448191078329
Zona 2,Zona 2.6,2014,1897255,1584502,313,0.198,0.0006,23,7100,22.72,90.75,221790,-,42,109,7,-,12.16,14.93,0.184,0.8351550002503617,2.737564007177557,13.883851422550054,13.869333450041577
Zona 2,Zona 2.7,2008,134704,112917,14,0,0,24,322,24.56,31.57,5113435,-,-,-,-,-,-,-,-,0.8382601852951657,4.263600782778865,-
Zona 2,Zona 2.7,2009,143582,123421,14,0,0,25,334,25.47,31.57,4813459,0,15,9,-,0,114.39,26.95,0.2,0.8595854633589168,3.945401174168298,22.0972602739726
Zona 2,Zona 2.7,2010,130516,114537,14,0,0,26,334,24.88,30.84,4688141,0,11,7,3,0,81.95,20.96,0.182,0.8775705660608661,3.1270058708414874,24.15283757338552
Zona 2,Zona 2.7,2011,116202,107466,14,0,0,27,341,25.4,30.84,4866205,0,4,11,5,0,29.8,32.26,0.25,0.9248205710745082,1.7095890410958905,22.414285714285715
Zona 2,Zona 2.7,2012,132373,118785,14,0,0,28,343,25.55,31.14,4806740,0,9,11,4,0,67.05,32.07,0.333,0.8973506681876213,2.6590998043052836,21.030528375733855
Zona 2,Zona 2.7,2013,133806,125117,14,0,0,29,343,25.55,32.41,4611167,0,7,9,2,0,52.15,26.24,0.286,0.9350627027188616,1.7003913894324851,23.24559686888454
Zona 2,Zona 2.7,2014,150760,139376,14,0,0,30,347,25.85,32.41,4618093,0,5,10,0,0,37.25,28.82,0.2,0.9244892544441496,2.227788649706458,24.48473581213307,27.27514677103718
Zona 2,Zona 2.8,2008,3675030,2684243,238,9.124,0.0383,32,8075,36.64,250.9,589611,-,-,-,-,-,-,-,-,0.7304002960520051,11.405398871877518,-
Zona 2,Zona 2.8,2009,3594720,2698881,239,3.64,0.0153,33,8275,37.51,250.65,604175,2,130,237,-,11.07,58.93,28.64,0.085,0.7507903258111898,10.269261191035708,30.899539541844135
Zona 2,Zona 2.8,2010,3416036,2529641,238,1.41,0.0059,32,8373,38.24,250.34,590897,3,144,248,14,15.84,65.76,29.62,0.167,0.740519420755519,10.203695176700817,30.9380523872299
Zona 2,Zona 2.8,2011,3429753,2525469,236,1.59,0.0067,31,8300,37.9,249.37,571795,2,120,252,12,11.45,51.6,29.64,0.168,0.7363413633576529,10.497840724402137,29.119845746517782
Zona 2,Zona 2.8,2012,3333720,2494924,236,0.35,0.0015,32,8320,38,248.24,554757,12,97,250,22,68.67,43.84,29.81,0.188,0.748390386715141,9.737589969816577,29.318191316461576
Zona 2,Zona 2.8,2013,3192057,2378734,237,0.47,0.002,33,8330,38.01,246.66,553605,6,144,277,28,34.34,63.88,32.89,0.093,0.7452041113300921,9.402034564476041,28.96359414905967
Zona 2,Zona 2.8,2014,3059810,2365275,237,0.292,0.0012,34,8342,38.06,246.64,578968,2,115,177,32,11.45,51.56,20.98,0.31,0.7730136838561872,8.02884226345298,27.49822553609618,27.34263915380614
Zona 2,Zona 2.9,2008,15608573,12806562,1184,2.43,0.0021,27,20548,18.11,196.08,2761073,-,-,-,-,-,-,-,-,0.8204825642933534,6.483735190670122,-
Zona 2,Zona 2.9,2009,15350438,12870815,1217,2.61,0.0021,27,22051,18.89,190.5,2960270,12,259,82,-,24.16,22.18,3.72,0.483,0.8384656515989967,5.582159138235725,29.63384394668641
Zona 2,Zona 2.9,2010,14991078,12338585,1168,5.86,0.005,28,22296,19.93,206.31,2774817,6,235,280,68,10.07,17.07,12.33,0.372,0.82306189054583,6.22183571026459,28.974944001080583
Zona 2,Zona 2.9,2011,14795096,12554694,1201,11.48,0.0096,28,22390,19.45,200.11,2788724,11,234,358,65,6.04,16.94,15.59,0.421,0.8485713103855493,5.110814047654352,28.942074028898478
Zona 2,Zona 2.9,2012,14500636,12422380,1205,3.85,0.0032,29,22511,19.49,199.61,2849990,9,228,258,33,12.08,17.49,11.42,0.381,0.8566782863868867,4.72518842721537,28.63981841616005
Zona 2,Zona 2.9,2013,14020337,12129638,1220,2.99,0.0025,29,22578,19.3,196.75,2891972,4,201,212,32,8.06,15.55,9.04,0.495,0.8651459661775605,4.245899393667191,28.243915193542886
Zona 2,Zona 2.9,2014,13927185,12120223,1229,8.386,0.0068,30,23959,20.31,195.19,3054648,9,141,107,21,18.14,9.92,4.47,0.342,0.8702564804014594,4.028137365270796,27.239249943858074,27.01878796660611
Zona 2,Zona 2.10,2008,1801413,1368516,177,19.56,0.1104,28,5605,33.97,146.02,494225,-,-,-,-,-,-,-,-,0.7596903097734945,6.700673322498258,-
Zona 2,Zona 2.10,2009,1961879,1358503,177,2.13,0.012,29,5764,34.88,145.92,435730,1,172,150,-,8.2,104.08,26.02,0.134,0.6924499421218128,9.339462889869205,21.18281866728581
Zona 2,Zona 2.10,2010,1908740,1213436,178,0.06,0.0003,30,5778,34.93,144.23,388260,0,177,113,36,0,106.99,19.56,0.096,0.6357261858608296,10.70192396490688,21.02783066326136
Zona 2,Zona 2.10,2011,1943608,1190267,178,2.14,0.012,30,5739,34.59,142.75,406771,1,157,145,30,0,88,23.7,0.075,0.6124007515918848,11.595213175311681,18.676866245959673
Zona 2,Zona 2.10,2012,1949584,1184727,178,1.32,0.0074,31,5765,34.71,142.17,411291,1,135,137,38,8.2,77.06,22.38,0.07,0.6076819465075627,11.772464214252734,18.320255502539634
Zona 2,Zona 2.10,2013,1969312,1103656,179,0.04,0.0002,32,5786,34.69,141.68,391356,4,199,135,47,32.79,113.9,22.99,0.195,0.5604271948782112,13.24949873727711,18.23498537786671
Zona 2,Zona 2.10,2014,2017584,1150880,181,5.04,0.0278,33,5804,34.32,139.75,351949,5,147,105,8,40.98,86.33,17.92,0.247,0.5704248249391352,13.11895860137743,16.8922629524757,17.42041928403845
Zona 2,Zona 2.11,2008,531425,377771,38,1,0.0261,29,1523,43.11,215.74,585007,-,-,-,-,-,-,-,-,0.7108641859152279,11.078154289834174,-
Zona 2,Zona 2.11,2009,501767,355882,38,0.9,0.0235,30,1652,46.76,219.95,475957,0,17,42,-,0,48.12,25.42,0.353,0.7092574840513625,10.51802451333814,27.236553713049748
Zona 2,Zona 2.11,2010,459480,333240,39,0.44,0.0114,31,1975,55.23,215.97,452688,0,22,31,15,0,61.52,15.7,0,0.725254635675111,8.868282402528978,25.658399423215574
Zona 2,Zona 2.11,2011,479731,324627,40,0,0,31,2000,54.53,211.37,488205,0,25,39,5,0,59.98,17,0,0.6766854758187401,10.623561643835616,23.40990516332982
Zona 2,Zona 2.11,2012,463419,330098,40,0.14,0.0035,32,2014,54.49,208.25,643920,0,22,23,15,0,54.11,10.43,0.15,0.7123100261318591,9.131575342465753,22.23472602739726
Zona 2,Zona 2.11,2013,444423,308977,40,0,0,33,2024,54.76,204.11,529072,0,14,20,5,0,32.47,9.88,0.083,0.6952317949341056,9.277123287671234,22.609452054794524
Zona 2,Zona 2.11,2014,435611,313968,40,0,0,34,2030,54.92,204.11,513026,0,17,11,3,0,46,5.42,0.176,0.7207531490251624,8.331712328767123,21.162808219178082,21.504657534246576
Zona 2,Zona 2.12,2008,247060,170789,43,1.2,0.028,31,913,21.35,35.59,265245,-,-,-,-,-,-,-,-,0.691285517688011,4.8595731124561965,-
Zona 2,Zona 2.12,2009,222260,169548,43,0.72,0.0167,32,914,21.21,35.32,290345,0,17,30,-,0,39.45,32.82,0.412,0.7628363178259696,3.3585218222363813,10.88174577891048
Zona 2,Zona 2.12,2010,223221,170181,42,0.11,0.0026,33,956,22.63,36.67,282093,0,29,22,3,0,68.66,23.01,0.207,0.762387947370543,3.4598825831702547,10.80267601146862
Zona 2,Zona 2.12,2011,220829,179877,43,1.65,0.0385,32,956,22.43,36.34,291305,0,18,38,2,0,37.54,39.75,0.125,0.8145533421787899,2.6092386110226187,11.101174168297456
Zona 2,Zona 2.12,2012,234132,203859,43,0.07,0.0016,33,965,22.64,37,216027,0,2,26,2,0,4.69,26.94,0,0.8707011429450053,1.9288308378464478,11.460783689072953
Zona 2,Zona 2.12,2013,190318,164358,43,0.03,0.0007,34,966,22.64,36.97,176352,0,8,20,3,0,18.75,20.7,0.25,0.8635967170735296,1.6540299458426249,12.988786237655304
Zona 2,Zona 2.12,2014,200725,171087,43,0.6,0.0139,35,915,21.26,36.64,115738,0,8,19,1,0,18.58,20.77,0,0.8523452484742807,1.888372093023256,10.471997451417648,10.900732717425932
Zona 2,Zona 2.13,2008,4107520,3253513,200,15,0.075,14,2639,13.2,146.11,-,-,-,-,-,-,-,-,-,0.792086952711125,11.69872602739726,-
Zona 2,Zona 2.13,2009,3819211,3178321,200,8.22,0.0411,14,4200,20.98,154.76,-,0,29,29,-,-,14.48,6.9,0.345,0.832193089096151,8.77931506849315,44.56867123287672
Zona 2,Zona 2.13,2010,3660537,3082437,201,1.44,0.0072,15,4667,23.17,161.41,-,-,57,38,7,-,28.3,8.14,0.368,0.8420723516795486,7.879779186260478,43.53864383561644
Zona 2,Zona 2.13,2011,3616190,3099911,215,1,0.0047,16,5091,23.69,155.31,-,-,35,35,2,-,13.5,4.91,0.414,0.8572312295537569,6.578897738133164,42.01508893886731
Zona 2,Zona 2.13,2012,3671280,3150372,215,1.31,0.0061,17,5462,25.39,155.12,-,-,35,41,11,-,9.76,5.49,0.429,0.8581127018369615,6.637884676648614,39.50189232239567
Zona 2,Zona 2.13,2013,3491511,3046051,213,3.49,0.0164,17,5639,26.54,160.62,-,-,25,41,18,-,10.35,7.27,0.545,0.8724162690594416,5.7297575406778565,40.144912392481686
Zona 2,Zona 2.13,2014,3432500,3079543,212,0.002,0,18,5841,27.49,160.63,-,-,20,19,5,-,7.06,2.91,0.467,0.8971720320466132,4.561346601188938,39.18002443887067,39.79766089428793
Zona 2,Zona 2.14,2008,661694,502424,65,0.126,0.0019,33,2475,39.43,154.78,-,-,-,-,-,-,-,-,-,0.7592996158345096,6.713171759747103,-
Zona 2,Zona 2.14,2009,606005,484073,65,0.09,0.0014,34,2543,40.48,154.66,-,0,16,57,-,0,25.47,22.41,0.375,0.7987937393255832,5.139388830347734,21.176986301369865
Zona 2,Zona 2.14,2010,620075,458059,65,0.38,0.0059,35,2556,40.69,154.66,-,0,31,64,32,0,49.35,25.04,0.194,0.738715477966375,6.828914646996839,20.40349841938883
Zona 2,Zona 2.14,2011,584680,445579,65,0.11,0.0017,36,2528,40.23,154.61,-,0,18,78,30,0,27.05,30.85,0.412,0.7620903742217965,5.863055848261327,19.307017913593256
Zona 2,Zona 2.14,2012,605450,444629,65,0.01,0.0002,37,2544,40.46,154.96,-,0,31,60,36,0,44.53,23.58,0.393,0.7343777355685853,6.77854583772392,18.78099051633298
Zona 2,Zona 2.14,2013,579057,432166,65,0.44,0.0068,38,2552,40.47,160.02,-,0,20,50,6,0,28.54,19.2,0.333,0.7463272182185864,6.191401475237092,18.74094836670179
Zona 2,Zona 2.14,2014,567533,420783,65,0,0,39,2577,40.87,160.02,-,0,20,52,2,0,28.54,20.18,0.278,0.7414247277250838,6.185458377239199,18.21563751317176,17.735848261327714
Zona 3,Zona 3.1,2008,12046820,10606637,226,1,0,21,4789,21.17,305.26,141332,-,-,-,-,-,-,-,-,0.880451189608544,17.458879864225967,-
Zona 3,Zona 3.1,2009,10922210,10224168,242,3.16,0.0131,22,4876,20.16,293.63,115156,0,115,76,-,-,47.54,15.59,0.13,0.9360896741593505,7.902660477753877,128.5808825312159
Zona 3,Zona 3.1,2010,10385862,9752450,243,0,0,23,4957,20.36,291.77,123295,-,68,50,6,-,27.93,10.09,0.221,0.9390120916299485,7.141462314673882,115.74966602513302
Zona 3,Zona 3.1,2011,10333179,9665397,244,0.53,0.0022,24,4977,20.37,295,116214,-,90,70,8,-,30.29,12.86,0.027,0.9353749702777819,7.498113631259825,109.95490162917865
Zona 3,Zona 3.1,2012,10183716,9509821,245,0,0,25,5006,20.45,298.12,117827,-,46,55,-,-,17.15,10.59,0.19,0.93382621824882,7.535868045848477,108.52680215584999
Zona 3,Zona 3.1,2013,10024377,9475693,245,0.29,0.0012,26,5022,20.5,301.08,123689,-,54,34,-,-,18.77,6.57,0.174,0.9452650274426032,6.135689124965055,106.34409840648588
Zona 3,Zona 3.1,2014,10107889,9636536,245,0.061,0.0002,27,5020,20.52,301.53,132981,-,59,46,-,-,17.58,8.76,0.116,0.9533678100343207,5.2709309477215545,105.96246016214704,107.76109589041097
Zona 3,Zona 3.2,2008,1077470,904375,81,0.3,0,13,1829,22.54,60.94,205230,-,-,-,-,-,-,-,-,0.8393505155595979,5.854726872991714,-
Zona 3,Zona 3.2,2009,1002930,874924,97,3.62,0.0373,13,1851,19.08,63.27,212764,0,27,39,-,-,27.84,21.07,0.593,0.8723679618717158,3.615478039824884,30.58937933367157
Zona 3,Zona 3.2,2010,984224,791946,101,0.72,0.0071,14,1879,18.56,60.61,210929,-,38,32,4,-,37.53,17.03,0.316,0.8046400006502584,5.215733080157331,24.711876853551757
Zona 3,Zona 3.2,2011,960239,775620,101,0,0,15,1898,18.75,67.23,235587,-,19,41,2,-,16.79,21.07,0.529,0.8077364072902684,5.007975044079751,21.482327410823274
Zona 3,Zona 3.2,2012,917043,753656,99,0,0,16,1919,19.44,70.24,232191,-,26,46,0,-,25.33,23.97,0.4,0.8218327821050921,4.521571883215719,21.039468330394683
Zona 3,Zona 3.2,2013,868826,762535,95,0,0,17,1956,20.52,74.43,256808,-,23,28,0,-,23.08,13.29,0.636,0.8776613499135615,3.0653496755587604,20.856676352566762
Zona 3,Zona 3.2,2014,862867,768874,96,0.322,0.0034,18,1968,20.53,74.01,309309,-,24,38,0,-,25.03,18.8,0.5,0.8910689596426796,2.682448630136986,21.99091564527758,21.942751141552513
Zona 3,Zona 3.3,2008,2897822,1918481,166,0.8,0,23,8239,49.64,119.99,733297,-,-,-,-,-,-,-,-,0.6620423890770378,16.163409803597954,-
Zona 3,Zona 3.3,2009,2835933,1948030,170,4.37,0.0258,24,8257,48.69,117.41,45178,0,371,147,-,-,218.75,17.8,0.073,0.6869097401102212,14.309476228847702,31.663327281729657
Zona 3,Zona 3.3,2010,2748139,1844247,170,0.84,0.0049,25,8289,48.7,117,39468,-,262,112,9,-,153.94,13.51,0.084,0.6710894172383566,14.567155519742144,31.394520547945206
Zona 3,Zona 3.3,2011,2685521,1862726,169,0,0,26,8300,49.05,128.06,34125,-,225,78,8,-,119.96,8.8,0.103,0.6936181098565232,13.33865607522088,29.721950040290093
Zona 3,Zona 3.3,2012,2732321,1829051,171,0.04,0.0002,27,8313,48.71,128.7,39832,-,177,72,6,-,103.13,8.66,0.165,0.6694129276904142,14.472001922614755,30.197389965145497
Zona 3,Zona 3.3,2013,2429571,1822574,171,1.94,0.0113,27,5659,33.01,128.14,43262,-,178,65,4,-,100.9,11.31,0.185,0.7501628888392231,9.725178242409678,29.304670351678283
Zona 3,Zona 3.3,2014,2396469,1850201,170,0.191,0.0011,28,5679,33.32,125.31,45848,-,143,79,10,-,77.45,13.73,0.189,0.7720529662599432,8.803674456083805,29.2008972202195,29.817904915390816
Zona 3,Zona 3.4,2008,2860990,2295899,153,2.1,0.0065,29,11550,78.57,207.82,365500,-,-,-,-,-,-,-,-,0.8024841051524123,10.11891843495389,-
Zona 3,Zona 3.4,2009,2850086,2213775,157,1.63,0.0104,28,11628,77.03,202.38,105176,0,188,103,-,0,124.54,8.86,0.234,0.7767397194330277,11.103935084198586,41.11198853970812
Zona 3,Zona 3.4,2010,2682916,2167782,157,1.88,0.0119,27,11664,77.08,201.88,66738,0,180,69,8,0,118.95,5.92,0.017,0.8079947340878357,8.989337754122676,38.63144577262019
Zona 3,Zona 3.4,2011,2718740,2125200,158,1.87,0.0119,27,11696,77.08,215.72,69819,0,171,40,10,0,112.03,3.42,0.065,0.7816856337862392,10.292006242413732,37.828845650466796
Zona 3,Zona 3.4,2012,2564052,2102050,175,0,0,24,11711,69.53,197.67,50726,0,225,74,7,0,130.02,5.98,0.123,0.8198156667649487,7.232908023483366,36.85104907230796
Zona 3,Zona 3.4,2013,2411745,2013185,176,0,0,25,4283,25.25,196.29,75870,0,212,97,6,0,117.33,22.18,0.216,0.8347420643558917,6.204234122042341,32.90880626223092
Zona 3,Zona 3.4,2014,2502252,2098702,180,0.736,0.0041,26,4293,25,197.06,45604,0,180,97,4,0,99.59,21.9,0.117,0.8387252762711349,6.142313546423135,31.33849626400996,31.943713850837142
Zona 3,Zona 3.5,2008,116781,67336,21,6.6,0.0142,23,511,43.31,64.24,93725,-,-,-,-,-,-,-,-,0.5766006456529744,6.45075016307893,-
Zona 3,Zona 3.5,2009,114265,60453,21,0,0,24,512,43.39,64.24,35859,0,25,18,-,0,211.86,35.16,0.52,0.5290596420601233,7.020482713633398,8.784866275277233
Zona 3,Zona 3.5,2010,115606,56407,21,0.05,0.0024,25,515,43.64,64.24,34954,-,49,16,2,-,415.25,31.07,0.347,0.4879245021884677,7.723287671232876,7.886888454011742
Zona 3,Zona 3.5,2011,114079,56709,21,0.09,0.0042,25,517,43.81,76.1,35415,-,55,21,1,-,466.1,40.62,0.327,0.4971028848429597,7.484670580560992,7.359034572733203
Zona 3,Zona 3.5,2012,99429,53864,22,0.17,0.0078,26,518,39.82,70.79,29687,0,79,14,1,0,607.23,27.03,0.722,0.5417332971265928,5.674346201743462,7.398434442270059
Zona 3,Zona 3.5,2013,96339,53916,22,0,0,27,580,44.96,71.01,26021,1,59,24,2,11.39,434.11,39.66,0.554,0.5596487403855137,5.283063511830635,6.707845579078456
Zona 3,Zona 3.5,2014,99356,53391,22,0,0,28,582,44.26,69.66,26869,0,86,14,1,0,654.04,24.05,0.395,0.5373706670960989,5.724159402241595,6.714321295143212,6.648941469489415
Zona 3,Zona 3.6,2008,184400,74817,24,-,0.0337,17,654,27.57,44.73,14723,-,-,-,-,-,-,-,-,0.40573210412147503,12.509474885844748,-
Zona 3,Zona 3.6,2009,209147,72370,25,0,0,18,654,25.83,41.9,1355,0,194,51,-,-,766.19,77.98,0.201,0.34602456645326013,14.989260273972603,8.540753424657535
Zona 3,Zona 3.6,2010,166760,71117,27,1.98,0.0731,19,654,24.13,40.04,5972,-,163,13,49,-,601.48,19.88,0.442,0.42646318061885347,9.70502283105023,7.930958904109589
Zona 3,Zona 3.6,2011,130320,76847,27,0.26,0.0097,19,654,24.36,41.82,6452,-,143,29,11,-,476.72,42.81,0.664,0.5896792510742787,5.4259766615931,7.216336884830036
Zona 3,Zona 3.6,2012,138651,73364,28,0.25,0.0089,24,688,24.52,38.52,5641,-,111,36,8,-,388.45,50.87,0.477,0.52912708887783,6.388160469667319,7.797767630644343
Zona 3,Zona 3.6,2013,116715,69366,28,0.02,0.0007,19,824,29.09,38.97,5489,-,74,17,4,-,261.21,20.63,0.365,0.5943194962087135,4.632974559686888,7.178473581213308
Zona 3,Zona 3.6,2014,125986,73364,28,0,0,20,849,29.88,35.9,6020,-,78,18,8,-,274.56,20.02,0.513,0.5823186703284492,5.148923679060665,6.787279843444226,7.178473581213308
Zona 3,Zona 3.7,2008,1028559,582463,51,-,0.0415,54,3246,64.12,214.9,721198,-,-,-,-,-,-,-,-,0.5662903148968605,23.96432984152565,-
Zona 3,Zona 3.7,2009,1040544,543487,74,0.86,0.0117,55,3246,44.13,147.88,-,0,152,322,-,-,206.63,99.2,0.158,0.5223104453055325,18.402702702702705,31.289981197958635
Zona 3,Zona 3.7,2010,1020105,552309,74,0.93,0.0126,56,3257,44.18,151.02,-,-,130,124,95,-,176.34,38.07,0.346,0.5414236769744291,17.319363198815253,20.121695668271013
Zona 3,Zona 3.7,2011,899865,520638,74,0.06,0.0008,57,3264,44.23,150.62,605882,-,106,70,70,-,142.28,21.14,0.724,0.5785734526845694,14.040244353942985,20.448315438726397
Zona 3,Zona 3.7,2012,757753,486806,74,1.94,0.0261,34,3360,45.29,148.66,515010,-,66,113,67,-,87.61,33.33,0.523,0.6424336162311466,10.03135875601629,19.275749722325063
Zona 3,Zona 3.7,2013,683888,478747,74,0,0,52,3366,45.37,147.69,474052,-,67,99,66,-,88.96,29.41,0.667,0.7000371405844232,7.595001851166235,18.023176601258793
Zona 3,Zona 3.7,2014,681779,481594,74,0.02,0.0003,53,3417,46.45,137.88,471087,-,65,97,47,-,88.35,28.39,0.569,0.7063784598821612,7.411514253980007,17.724805627545354,17.830211032950757
Zona 3,Zona 3.8,2008,530011,406828,72,-,0,12,887,12.34,53.81,-,-,-,-,-,-,-,-,-,0.7675840690098885,4.6873287671232875,-
Zona 3,Zona 3.8,2009,540793,394642,90,0.19,0.0021,13,908,10.07,47.08,-,0,40,31,-,-,44.36,34.14,0.35,0.7297468717235616,4.449041095890411,15.480517503805174
Zona 3,Zona 3.8,2010,518423,388917,91,0.21,0.0023,14,943,10.39,46.77,-,-,36,23,3,-,39.66,24.39,0.111,0.7501924104447526,3.8990215264187866,12.013455098934552
Zona 3,Zona 3.8,2011,512347,385917,90,0.03,0.0003,15,955,10.57,49.52,-,-,23,14,2,-,24.35,14.66,0,0.7532336482891477,3.8487062404870627,11.709077224145718
Zona 3,Zona 3.8,2012,485854,364696,92,0,0,16,977,10.65,49.58,-,-,12,21,0,-,13.08,21.49,0,0.750628789718722,3.6080405002977964,11.747853881278537
Zona 3,Zona 3.8,2013,502356,361127,92,0,0,17,1628,17.79,51.22,-,-,29,23,0,-,31.68,13.51,0.034,0.7188667001090859,4.205747468731388,10.8605122096486
Zona 3,Zona 3.8,2014,535040,399437,91,0.209,0.0023,18,1647,18.03,51.31,-,-,36,13,0,-,39.4,7.89,0.333,0.7465553977272728,4.082583170254403,10.754228707564026,12.02580159566461
Zona 3,Zona 3.9,2008,3544190,2220024,426,-,0.0155,23,14164,33.25,42.38,4635545,-,-,-,-,-,-,-,-,0.6263840256871105,8.516084635667887,-
Zona 3,Zona 3.9,2009,3175897,2107498,438,0.3,0.0007,24,14164,32.31,41.18,866903,0,611,233,-,-,139.36,16.45,0.085,0.6635914199988224,6.682923625445675,14.277599845649236
Zona 3,Zona 3.9,2010,3058450,2017022,438,1.48,0.0034,25,14185,32.41,45.73,1323357,-,504,310,241,-,115.14,21.85,0.228,0.6594915725285684,6.5142178019640955,13.182573340839431
Zona 3,Zona 3.9,2011,3064129,2077656,438,1.05,0.0024,26,14193,32.42,46.34,3027268,-,531,366,116,-,111.69,25.44,0.207,0.6780576144150589,6.1704697566773,12.616638518796522
Zona 3,Zona 3.9,2012,3354055,2109083,443,1.26,0.0028,28,14355,32.39,45.75,3128671,-,483,341,173,-,102.21,22.36,0.21,0.6288158661679668,7.69950833359102,12.995909176205666
Zona 3,Zona 3.9,2013,3163840,2048187,440,1.89,0.0043,29,13866,31.53,45.87,3131266,-,458,344,190,-,98.7,24.66,0.267,0.647373760999292,6.946780821917808,13.043588237113084
Zona 3,Zona 3.9,2014,3476490,2285542,442,0.995,0.0023,29,14805,33.48,37.28,3483956,-,443,352,201,-,95.22,22.83,0.435,0.6574280380498722,7.382061612843241,12.753343711083437,14.166875348664227
Zona 4,Zona 4.1,2008,398840,357877,57,0,0,24,1909,33.75,64.44,78450,-,-,-,-,-,-,-,-,0.8972946544980444,1.968901706320596,-
Zona 4,Zona 4.1,2009,379123,337510,57,0,0,25,1958,34.59,64.38,114023,0,8,25,-,-,14.13,12.77,0.25,0.8902387879395341,2.0001441961067052,17.201490026435955
Zona 4,Zona 4.1,2010,341372,315672,57,0,0,26,1972,34.83,64.38,102930,-,3,13,-,-,5.3,6.59,0,0.924715559565518,1.2352799807738526,16.222542658014902
Zona 4,Zona 4.1,2011,357351,318665,57,0,0,27,1984,35.04,81.7,92829,-,8,14,0,-,14.13,7.06,0.125,0.8917422925918774,1.8594568613314109,15.172891131939439
Zona 4,Zona 4.1,2012,352297,320784,57,0,0,28,1998,35.29,83.99,78885,-,10,14,-,-,17.66,7.01,0.1,0.9105499053355549,1.5146839701994712,15.316750781062245
Zona 4,Zona 4.1,2013,336757,312480,59,0,0,29,2003,33.94,84.79,92341.7,-,4,11,-,-,3.39,5.49,0,0.9279094421199856,1.1273276062224287,15.418601297764962
Zona 4,Zona 4.1,2014,351131,323154,59,0,0,30,2005,33.98,64.38,101250.8,-,3,9,-,-,5.08,4.49,0.333,0.9203231842246911,1.2991409333642907,14.510332017645695,15.005990248432784
Zona 4,Zona 4.2,2008,1208190,1019691,111,2,0.0181,24,4680,42.3,162.21,1200,-,-,-,-,-,-,-,-,0.8439823206614854,4.652573121066272,-
Zona 4,Zona 4.2,2009,1171936,991333,111,0.03,0.0003,25,4806,43.4,162.07,720,0,203,261,-,-,183.34,54.31,0.069,0.8458934617590039,4.45768233987412,25.16823398741207
Zona 4,Zona 4.2,2010,1183998,956010,111,0.77,0.0069,26,4880,44.04,161.95,1037,-,107,221,-,-,96.57,45.29,0.14,0.807442242301085,5.627249166975194,24.468295692953227
Zona 4,Zona 4.2,2011,1152760,936451,111,4.04,0.0363,27,4924,44.22,173.97,807,-,129,286,0,-,113.16,58.08,0.127,0.8123555640376141,5.338985560903369,23.596445760829326
Zona 4,Zona 4.2,2012,1092259,934659,111,0,0,28,4940,44.37,176.04,1011,-,81,253,0,-,71.85,51.01,0.125,0.8557118778604709,3.8899173145748485,23.113686289028756
Zona 4,Zona 4.2,2013,1024889,902268,126,0.56,0.0045,29,4955,39.44,157.49,897.9,-,73,141,3,-,57.3,28.46,0.208,0.8803567996143973,2.666253533376821,23.069455757126992
Zona 4,Zona 4.2,2014,1086082,921806,126,0.407,0.0032,30,4961,39.48,159.11,916.6,-,66,116,2,-,51.73,23.38,0.138,0.8487443857830256,3.571993911719939,19.618786692759297,20.043618177864754
Zona 4,Zona 4.3,2008,-,-,-,-,-,-,-,-,-,-,-,-,-,-,-,-,-,-,-,-,-
Zona 4,Zona 4.3,2009,-,-,-,-,-,-,-,-,-,-,-,-,-,-,-,-,-,-,-,-,-
Zona 4,Zona 4.3,2010,-,-,-,-,-,-,-,-,-,-,-,-,-,-,-,-,-,-,-,-,-
Zona 4,Zona 4.3,2011,-,-,-,-,-,-,-,-,-,-,-,-,-,-,-,-,-,-,-,-,-
Zona 4,Zona 4.3,2012,112730,111472,42,0,0,28,1129,26.74,45.59,-,0,10,20,17,-,23.68,17.71,0.1,0.9888405925663089,0.08206131767775604,-
Zona 4,Zona 4.3,2013,151590,112557,42,0,0,29,1126,26.67,45.64,-,-,17,50,1,-,40.26,44.4,0.118,0.742509400356224,2.5461839530332684,7.271493803000652
Zona 4,Zona 4.3,2014,164730,125524,43,0,0,30,1124,26.25,45,-,-,15,57,1,-,35.03,49.82,0.2,0.7619984216596856,2.497992991398535,7.342270058708415,7.99770627588404
Zona 4,Zona 4.4,2008,249800,229723,42,-,0,21,1713,40.56,87.78,69119,-,-,-,-,-,-,-,-,0.9196277021617294,1.3096542726679712,-
Zona 4,Zona 4.4,2009,247502,224451,44,0.54,0.0124,22,1715,39.25,91,86053.803,0,17,18,-,-,38.91,10.5,0.059,0.9068653990674823,1.435305105853051,14.98519243313764
Zona 4,Zona 4.4,2010,227403,212382,49,0.14,0.0028,23,1717,34.88,80.78,75970.227,-,9,17,-,-,18.29,9.9,0.222,0.9339454624609174,0.8398658093374336,13.975778331257784
Zona 4,Zona 4.4,2011,224370,215736,49,0.04,0.0008,24,1719,34.88,83.28,54823.514,-,2,14,0,-,2.03,7.56,0,0.9615189196416634,0.48275090858261116,11.874867207156836
Zona 4,Zona 4.4,2012,223820,206760,50,0,0,24,1727,34.31,83.59,51694.61,-,6,23,-,-,9.93,13.32,0.4,0.9237780359217228,0.9347945205479452,12.062398658093375
Zona 4,Zona 4.4,2013,226300,207741,53,0.22,0.0042,24,1728,32.75,66.59,66477.248,-,9,21,-,-,17.06,12.15,0.333,0.9179893946089263,0.9593693460842595,11.32931506849315
Zona 4,Zona 4.4,2014,240830,224157,56,0.036,0.0006,16,1744,31.37,68.19,55567.404,-,2,31,-,-,3.6,17.78,0.5,0.9307685919528298,0.8157045009784735,10.738743861462911,10.966585127201565
Zona 4,Zona 4.5,2008,433150,384831,52,0.6,0.0115,20,2144,40.94,125.8,-,-,-,-,-,-,-,-,-,0.888447420062334,2.545785036880927,-
Zona 4,Zona 4.5,2009,430020,360227,53,0.28,0.0053,21,2149,40.93,128.76,-,0,15,34,-,-,28.57,15.82,0.467,0.8376982465931817,3.6078056345308864,20.275605900948367
Zona 4,Zona 4.5,2010,404110,337553,53,0,0,22,2167,41.24,128.34,-,-,17,52,-,-,32.35,24,0.353,0.8352997946103784,3.4405272680279144,18.621194107004396
Zona 4,Zona 4.5,2011,393090,329569,53,0,0,23,2180,41.44,128.19,-,-,22,148,17,-,39.92,67.89,0.381,0.8384059630110153,3.283587490307573,17.449108296717498
Zona 4,Zona 4.5,2012,362044,335381,53,0,0,24,2194,41.55,127.73,935,-,9,34,17,-,17.05,15.5,0.222,0.9263542552838882,1.3782889635564746,17.036391832514862
Zona 4,Zona 4.5,2013,350290,320311,53,0,0,23,2059,39,127.73,1352.5,-,3,35,75,-,3.79,17,0,0.9144166262239859,1.5497027655724993,17.336831222538123
Zona 4,Zona 4.5,2014,377050,324416,53,0,0,24,2061,39.03,127.46,1704.4,-,29,30,3,-,54.93,14.56,0.586,0.8604057817265615,2.7208064099250455,16.557818557766865,16.77001809253037
Zona 4,Zona 4.6,2008,708324,588198,93,0,0,24,2994,32.17,87.09,100,-,-,-,-,-,-,-,-,0.8304081183187355,3.5388422448077774,-
Zona 4,Zona 4.6,2009,698253,563753,93,0.05,0.0005,25,3020,32.49,87.19,-,0,115,119,-,-,123.71,39.4,0.07,0.8073764094103427,3.9622919428487258,17.327971718957137
Zona 4,Zona 4.6,2010,707420,538329,93,0,0,26,3038,32.68,87.19,-,-,71,141,-,-,76.38,46.41,0.127,0.7609750925899749,4.98132272794226,16.60783620562675
Zona 4,Zona 4.6,2011,674160,542023,93,0,0,27,3051,32.82,97.81,-,-,60,137,0,-,64.54,44.9,0.2,0.8039975673430639,3.8926793342171155,15.858859920459565
Zona 4,Zona 4.6,2012,677211,554456,93,0,0,28,3055,32.86,97.71,-,-,53,153,0,-,54.86,49.75,0.137,0.818734486002147,3.6162910590661363,15.967683016644571
Zona 4,Zona 4.6,2013,654949,535806,93,0.15,0.0016,29,3062,32.94,93.03,-,-,46,87,1,-,49.48,28.41,0.13,0.8180881259456844,3.5098836352923843,16.333951981145972
Zona 4,Zona 4.6,2014,656850,542793,93,0,0,30,3065,32.97,93.19,-,-,31,58,1,-,33.35,18.92,0.161,0.8263576158940398,3.3600530269553692,15.784533804684047,15.990366769774635
Zona 4,Zona 4.7,2008,-,-,-,-,0,-,-,-,-,-,-,-,-,-,-,-,-,-,-,-,-
Zona 4,Zona 4.7,2009,832472,-,105,0.15,0.0014,22,2839,26.92,60.83,-,0,59,156,-,-,55.95,54.95,0.136,-,-,-
Zona 4,Zona 4.7,2010,742054,251508,107,0.35,0.0033,23,2860,26.8,60.1,-,-,62,109,-,-,58.09,38.11,0.21,0.3389349023116916,12.560389194725387,-
Zona 4,Zona 4.7,2011,689109,569157,107,0.39,0.0037,24,2886,27.04,65.86,-,-,32,129,0,-,29.98,44.7,0.094,0.825931746646757,3.0713609012930485,6.439841249519907
Zona 4,Zona 4.7,2012,661480,544336,107,0,0,25,2906,27.25,66.36,-,-,29,102,0,-,26.26,35.1,0.321,0.8229062103162605,2.9994622967609783,14.57321725771348
Zona 4,Zona 4.7,2013,633400,520708,106,0.15,0.0014,26,2910,27.37,67.12,-,-,16,40,3,-,13.17,13.75,0.5,0.8220839911588254,2.9126906177306795,13.937677634105748
Zona 4,Zona 4.7,2014,638920,520696,107,0,0,27,2916,27.37,67.46,-,-,13,54,3,-,12.2,18.52,0.385,0.8149627496400176,3.0271156061963898,13.45846471956578,13.332377416463961
Zona 4,Zona 4.8,2008,181290,136363,41,-,0,25,896,21.85,42.95,-,-,-,-,-,-,-,-,-,0.7521815875117216,3.0021383227530904,-
Zona 4,Zona 4.8,2009,156644,134968,41,0,0,26,898,21.89,46.38,-,0,9,14,-,-,21.94,15.59,0.111,0.861622532621741,1.4484463748747074,9.112128299365185
Zona 4,Zona 4.8,2010,164076,123078,41,0,0,27,900,21.94,46.38,-,-,41,26,-,-,99.93,28.89,0.049,0.7501279894682952,2.7395923822251924,9.018910791847645
Zona 4,Zona 4.8,2011,176248,122732,41,0,0,28,905,22.06,46.38,-,-,47,33,0,-,114.55,36.46,0.085,0.6963596750034043,3.5760775141997994,8.22439024390244
Zona 4,Zona 4.8,2012,158660,117638,41,0.01,0.0002,29,908,22.17,48.69,-,-,41,23,-,-,100.12,25.33,0.146,0.741447119626875,2.74119612429001,8.201269629134648
Zona 4,Zona 4.8,2013,144560,112673,41,0,0,30,1183,28.89,44.35,-,-,7,6,-,-,17.09,5.07,0.143,0.7794203099059214,2.1307718008686938,7.860875375877046
Zona 4,Zona 4.8,2014,138569,119057,41,0,0,21,1185,28.97,43.15,-,-,18,17,-,-,44,14.35,0.111,0.8591892847606607,1.3038422986969596,7.5291012362178416,7.955696625459406
Zona 4,Zona 4.9,2008,-,-,-,-,-,-,-,-,-,-,-,-,-,-,-,-,-,-,-,-,-
Zona 4,Zona 4.9,2009,-,-,-,-,-,-,-,-,-,-,-,-,-,-,-,-,-,-,-,-,-
Zona 4,Zona 4.9,2010,16100,10589,17,0,0,17,350,21.21,36.24,-,-,5,1,1,-,30.3,2.86,0,0.6577018633540372,0.8881547139403707,-
Zona 4,Zona 4.9,2011,71459,57833,17,0,0,18,352,21.31,43.95,-,1,4,6,1,-,24.21,17.05,0.75,0.8093172308596538,2.19597099113618,1.7065269943593875
Zona 4,Zona 4.9,2012,49084,53837,17,0,0,19,352,21.31,45.88,-,0,4,3,-,-,24.21,8.52,0.5,1.0968339988590987,-0.7659951651893634,9.320386784850927
Zona 4,Zona 4.9,2013,36920,48464,17,0,0,20,481,29.12,46.61,-,-,1,4,-,-,6.05,8.32,0,1.3126760563380282,-1.8604351329572923,8.676390008058018
Zona 4,Zona 4.9,2014,60241,47614,17,0,0,21,485,29.36,41.23,-,-,4,7,-,-,18.16,14.43,0,0.7903919257648445,2.034971796937953,7.810475423045931,7.673489121676068
Zona 4,Zona 4.10,2008,279642,256448,23,0,0,23,1159,50.39,152.96,-,-,-,-,-,-,-,-,-,0.9170582387481137,2.7628350208457415,-
Zona 4,Zona 4.10,2009,252138,234216,23,0.4,0.0174,24,1192,51.87,153.09,-,0,43,44,-,-,187.12,36.91,0.093,0.9289198772100993,2.1348421679571175,30.54770696843359
Zona 4,Zona 4.10,2010,264985,234486,26,1.73,0.0676,25,1222,47.73,137.42,-,-,24,57,-,-,93.75,46.64,0.042,0.8849029190331528,3.2138040042149627,27.89946396664681
Zona 4,Zona 4.10,2011,268374,234286,36,0.06,0.0016,26,1239,34.01,120.48,68,-,18,39,0,-,49.41,31.48,0.056,0.8729832249025613,2.594216133942161,24.70874604847208
Zona 4,Zona 4.10,2012,240590,230193,36,0,0,27,1264,34.7,125.14,868,-,11,43,0,-,27.45,34.02,0.1,0.9567854025520596,0.7912480974124809,17.82998477929985
Zona 4,Zona 4.10,2013,219061,211723,36,0.15,0.0041,22,1423,39.06,127.07,922.453,-,2,12,0,-,5.49,8.43,0,0.9665024810440928,0.5584474885844749,17.518493150684932
Zona 4,Zona 4.10,2014,224650,212309,36,0,0,23,1429,39.23,115.59,963.9,-,12,31,0,-,30.19,21.69,0.273,0.9450656576897396,0.939193302891933,16.112861491628614,16.15745814307458
Zona 4,Zona 4.11,2008,1840160,1632086,159,3.88,0.0244,37,14450,91.03,95.33,16800,-,-,-,-,-,-,-,-,0.8869261368576645,3.585319203928664,-
Zona 4,Zona 4.11,2009,1831093,1570892,157,1.49,0.0095,26,14475,92.05,101.43,20014.67,0,18,36,-,-,11.45,2.49,0.056,0.8578985338265178,4.540633452578309,28.122443353148963
Zona 4,Zona 4.11,2010,1729547,1558467,157,2.1,0.0134,18,14500,92.26,101.49,29324,-,13,54,-,-,8.27,3.72,0.154,0.9010839254440614,2.9854288456504667,27.41282610592444
Zona 4,Zona 4.11,2011,1889010,1635987,158,0.15,0.001,19,14510,92.08,104.22,19639.159,-,25,77,0,-,15.86,5.1,0.2,0.8660552352819731,4.387428472342639,27.196003839106535
Zona 4,Zona 4.11,2012,1830376,1572419,159,0.1,0.0006,20,14519,91.2,107.65,20073.23,-,23,64,-,-,13.82,4.2,0.455,0.8590688470565611,4.444852244335315,28.368076989769378
Zona 4,Zona 4.11,2013,1693882,1507746,159,0.68,0.0043,21,6556,41.11,107.99,21038.071,-,10,50,-,-,6.27,7.63,0.2,0.890112770547181,3.2073059360730594,27.094322391660207
Zona 4,Zona 4.11,2014,1668237,1509807,159,0.508,0.0032,22,6574,41.4,108.94,25272.54,-,5,48,-,-,3.15,7.3,0.2,0.9050314793401657,2.7299043680537607,25.979943137761698,26.015456190230037
Zona 4,Zona 4.12,2008,-,-,-,-,-,-,-,-,-,-,-,-,-,-,-,-,-,-,-,-,-
Zona 4,Zona 4.12,2009,-,-,-,-,-,-,-,-,-,-,-,-,-,-,-,-,-,-,-,-,-
Zona 4,Zona 4.12,2010,-,-,-,-,0,-,-,-,-,-,-,-,-,-,-,-,-,-,-,-,-
Zona 4,Zona 4.12,2011,172216,124149,24,0,0,26,878,36.25,83.08,7450,-,4,27,0,-,16.52,30.75,0,0.7208912063919729,5.487100456621005,-
Zona 4,Zona 4.12,2012,150553,135501,26,0,0,27,882,34,80.04,8073,-,10,9,0,-,38.55,10.2,0,0.9000219191912483,1.58609062170706,14.172260273972602
Zona 4,Zona 4.12,2013,148618,126625,26,0,0,28,884,34.08,78.57,7654,-,5,9,0,-,19.28,10.18,0,0.8520165794183746,2.3174920969441515,14.278292939936774
Zona 4,Zona 4.12,2014,134970,125123,28,0,0,29,886,31.58,69.4,9067.3,-,9,3,2,-,32.08,3.39,0.333,0.9270430466029488,0.9635029354207437,13.342992623814542,12.242954990215264
Zona 4,Zona 4.13,2008,9986192,8501969,1003,-,0,-,37148,-,80.2,-,-,-,-,-,-,-,-,-,0.8513724751136369,4.054201778226963,-
Zona 4,Zona 4.13,2009,502220,320334,79,3.03,0.0385,22,1816,23.05,60.13,3521,0,40,108,-,-,50.78,59.47,0.325,0.6378360081239297,6.307820357204785,23.223395566724484
Zona 4,Zona 4.13,2010,405080,311603,78,0.97,0.0124,23,1826,23.32,63.21,50285,-,67,72,-,-,85.58,39.43,0.403,0.769238175175274,3.283350895679663,11.109207560256632
Zona 4,Zona 4.13,2011,371108,300099,78,0.42,0.0054,24,1829,23.37,63.24,56981,-,51,64,14,-,65.17,34.45,0.235,0.8086567791586277,2.494169301018616,10.944959606603442
Zona 4,Zona 4.13,2012,350607,295611,78,0,0,25,1838,23.5,63.29,59707,-,57,67,15,-,70.33,34.82,0.309,0.8431406104270593,1.9317175974710221,10.540885142255005
Zona 4,Zona 4.13,2013,353831,280016,78,0,0,26,1838,23.5,64.49,49169.4,-,38,65,12,-,42.2,35.36,0.303,0.7913834570741399,2.5927291886195993,10.383245521601685
Zona 4,Zona 4.13,2014,355589,276903,78,0,0,27,1840,23.53,63.5,49824,-,44,74,13,-,53.71,40.22,0.333,0.778716439484911,2.7638215665612926,9.835475939585528,9.72613277133825
Zona 4,Zona 4.14,2008,234245,223082,31,7.65,0.0076,24,1083,37.02,125.1,1335397,-,-,-,-,-,-,-,-,0.9523447672308908,0.9865665046398586,-
Zona 4,Zona 4.14,2009,9780950,8049320,1020,4.86,0.0048,25,37251,36.53,82.98,1242130,0,461,1563,-,-,45.2,41.96,0.401,0.8229589150338157,4.651168412570508,19.715598762704374
Zona 4,Zona 4.14,2010,9176290,7641660,1025,11.23,0.011,26,37363,36.45,84.05,1145833,-,761,1831,-,-,74.23,49.01,0.449,0.8327613883170649,4.101917808219178,21.620521085146386
Zona 4,Zona 4.14,2011,9072197,7669134,1021,10.38,0.0102,27,37562,36.8,84.43,1184789,-,696,1611,64,-,66.24,42.7,0.296,0.8453447384354639,3.7649443870500314,20.425419311727364
Zona 4,Zona 4.14,2012,8903789,7539931,1020,3.38,0.0033,28,37731,36.98,84.46,1040377,-,674,1548,75,-,62.93,40.52,0.336,0.8468227402962941,3.663330647327424,20.579163591965976
Zona 4,Zona 4.14,2013,8879289,7494854,1020,9.77,0.0096,27,37900,37.16,84.48,1116437.5,-,627,1163,58,-,59.61,30.45,0.28,0.8440826737366021,3.7186005909213,20.252299221058287
Zona 4,Zona 4.14,2014,9222774,7648564,1021,0.679,0.0007,28,35000,34.29,84.41,1167249,-,710,1376,21,-,68.77,39.03,0.348,0.8293127425653063,4.224195993720902,20.13122213268869,20.52396656514564
Zona 4,Zona 4.15,2008,2125817,1621698,241,0,0,19,10514,34.73,72.82,-,-,-,-,-,-,-,-,-,0.762858703265615,5.730904336952197,-
Zona 4,Zona 4.15,2009,227725,211587,31,0,0,20,1095,35.12,125.1,-,0,8,33,-,-,25.66,30.14,0,0.9291338236908552,1.426248342907645,18.435718751776275
Zona 4,Zona 4.15,2010,220443,205132,32,3.1,0.098,21,1100,34.76,123.29,-,-,19,36,-,-,60.05,32.73,0.053,0.9305444037687747,1.3108732876712328,18.69969067609368
Zona 4,Zona 4.15,2011,215424,202931,33,2,0.0613,22,1109,33.97,127.5,-,-,8,23,0,-,24.51,20.74,0.125,0.942007390077243,1.0371938563719385,17.562671232876713
Zona 4,Zona 4.15,2012,218574,200277,33,4.12566,0.1264,23,1116,34.19,129.07,-,-,18,35,0,-,55.14,31.36,0.278,0.916289220126822,1.5190535491905357,16.847737650477374
Zona 4,Zona 4.15,2013,205134,193977,35,0,0,15,1120,31.65,117.86,-,-,7,12,0,-,19.78,10.71,0,0.945611161484688,0.8733463796477494,16.627397260273973
Zona 4,Zona 4.15,2014,212150,198880,35,0,0,16,1121,31.64,117.69,-,-,3,8,0,-,8.47,7.14,0,0.9374499175111949,1.038747553816047,15.184109589041096,15.567906066536205
Zona 4,Zona 4.16,2008,1008483,915466,189,0,0,21,8960,43.64,55.99,609156,-,-,-,-,-,-,-,-,0.9077654258921568,1.348365586721751,-
Zona 4,Zona 4.16,2009,1912722,1554410,249,1.18,0.0047,22,10536,42.35,82.44,549367.202,0,103,302,-,-,41.4,28.66,0.194,0.8126690653424805,3.9424767563404304,13.270508081466986
Zona 4,Zona 4.16,2010,1759838,1467823,249,2.19,0.0088,23,10556,42.39,82.36,515475.317,-,90,260,-,-,36.14,24.63,0.189,0.834067112995628,3.21301644935908,17.103042306211147
Zona 4,Zona 4.16,2011,1841520,1491328,253,0.12,0.0005,24,10575,41.77,85.24,548093.049,-,126,301,0,-,48.58,28.37,0.35,0.8098353534037099,3.7922139801830097,16.150332838202125
Zona 4,Zona 4.16,2012,1730709,1462642,255,0.24,0.0009,25,10614,41.69,86.16,513655.066,-,113,290,-,-,44.39,27.04,0.221,0.8451114543230549,2.8801181842600054,16.149526233147437
Zona 4,Zona 4.16,2013,1722433,1456105,254,0.61,0.0024,25,11145,43.83,85.29,458084.682,-,81,148,-,-,31.47,13.28,0.088,0.8453768593611478,2.8726998166325104,15.714660220252485
Zona 4,Zona 4.16,2014,1760564,1522630,254,0.24,0.0009,28,11199,44.07,74.07,413689.352,-,123,172,-,-,48.4,15.36,0.146,0.8648535355715555,2.5664329630029123,15.706018768201918,16.42357890195232
Zona 4,Zona 4.17,2008,9615170,8432513,674,2.5,0.0132,21,34539,47.41,139.52,188665,-,-,-,-,-,-,-,-,0.8770009266606831,4.807353359619528,-
Zona 4,Zona 4.17,2009,970247,885069,189,0.26,0.0014,15,8980,47.48,61.3,242848,0,44,80,-,-,23.26,8.91,0.136,0.9122099836433403,1.2347321881568456,34.27711475143287
Zona 4,Zona 4.17,2010,906589,773673,185,2.23,0.012,16,9000,48.55,62.54,218880.9,-,111,160,-,-,59.88,17.78,0.171,0.8533889116236796,1.9683968900407258,12.829876060013046
Zona 4,Zona 4.17,2011,869107,768848,184,3.88,0.0211,17,9018,49,67.13,198746,-,88,118,0,-,47.82,13.08,0.182,0.8846413617655824,1.4928379988088147,11.457578674564976
Zona 4,Zona 4.17,2012,836840,743546,184,0.01,0.0001,18,9031,49.06,68.07,158690.7,-,55,131,-,-,29.34,14.51,0.056,0.8885163233115052,1.3891304347826088,11.448004764740917
Zona 4,Zona 4.17,2013,785170,710867,184,0,0,19,8601,46.72,68.92,157712.8,-,35,93,-,-,18.47,10,0.235,0.9053669905880255,1.1063579511614057,11.071262656343063
Zona 4,Zona 4.17,2014,817310,737184,184,0.005,0,20,8644,46.95,70.09,127088,-,21,81,-,-,10.32,9.14,0.263,0.9019637591611506,1.1930613460393091,10.584678379988087,10.976533650982727
Zona 4,Zona 4.18,2008,16458,15910,6,3.53,0.0052,23,-,51.26,6.05,772580,-,-,-,-,-,-,-,-,0.9667031231012274,0.2502283105022831,-
Zona 4,Zona 4.18,2009,9381320,8004487,678,0.81,0.0012,24,34589,51.01,138.63,805477,0,119,373,-,-,17.55,10.78,0.118,0.8532367513313691,5.563635996282377,7.264840182648402
Zona 4,Zona 4.18,2010,8708030,7692926,677,3.17,0.0047,24,36426,53.79,149.29,515235,-,108,275,7,-,12.85,7.33,0.264,0.8834289730283428,4.107986483478683,32.34528225643512
Zona 4,Zona 4.18,2011,8607290,7570868,683,0.94,0.0014,25,33250,48.68,149.52,404195,-,68,285,5,-,6,8,0.171,0.879587884223722,4.157411901562406,31.13221505028227
Zona 4,Zona 4.18,2012,8265469,7388733,684,1.94,0.0028,26,30000,43.89,151.74,416437,-,100,275,3,-,9.66,8.93,0.167,0.8939278581771948,3.5117199391171994,30.369112898373416
Zona 4,Zona 4.18,2013,8283424,7344745,685,0.54,0.0008,27,27649,40.39,153.69,406760,-,35,216,6,-,3.21,7.38,0.273,0.8866798319149183,3.7543405659434055,29.595181446767604
Zona 4,Zona 4.18,2014,8460136,7464313,684,2.943,0.0043,28,27725,40.51,153.52,382189,-,71,147,3,-,8.04,5.16,0.091,0.8822923177594308,3.9887166546503243,29.376042395760425,29.897913161900185
Zona 4,Zona 4.19,2008,-,-,-,-,0,-,-,-,-,-,-,-,-,-,-,-,-,-,-,-,-
Zona 4,Zona 4.19,2009,14932,14545,6,0,0,10,74,12.09,34.31,2637,0,1,2,-,-,-,27.03,-,-,0.17671232876712328,-
Zona 4,Zona 4.19,2010,39247,41966,6,0,0,13,700,114.38,34.31,11879,-,1,8,-,-,-,11.43,-,-,-1.2415525114155253,6.641552511415525
Zona 4,Zona 4.19,2011,11569,-,6,0,0,-,-,-,34.31,800,0,0,0,-,-,-,-,-,-,-,19.16255707762557
Zona 4,Zona 4.19,2012,-,-,-,-,-,-,-,-,-,-,-,-,-,-,-,-,-,-,-,-,-
Zona 4,Zona 4.19,2013,-,-,-,-,-,-,-,-,-,-,-,-,-,-,-,-,-,-,-,-,-
Zona 4,Zona 4.19,2014,-,-,-,-,-,-,-,-,-,-,-,-,-,-,-,-,-,-,-,-,-,-
Zona 5,Zona 5.1,2008,722101,524159,101,1.3,0.0129,26,1825,19.9,51.97,588638,-,-,-,-,-,-,-,-,0.725880451626573,5.369374745693747,-
Zona 5,Zona 5.1,2009,585159,475527,101,0.9,0.0089,27,1829,19.89,51.83,498542,0,63,54,-,0,68.52,29.52,0.079,0.8126457937073513,2.9738776617387765,14.218337176183372
Zona 5,Zona 5.1,2010,571709,442506,101,0.15,0.0015,27,1844,20.05,51.83,487685,0,52,38,-,0,56.55,20.61,0.077,0.7740056567239627,3.504760613047606,12.899145530991456
Zona 5,Zona 5.1,2011,592291,433861,101,0.11,0.0011,29,1848,20.08,52.36,442041,0,61,49,14,0,64.12,25.97,0.068,0.7325132409575699,4.297572222975722,12.00341787603418
Zona 5,Zona 5.1,2012,587587,439582,101,0.08,0.0008,30,1853,20.14,52.07,495062,0,53,48,6,0,55.43,25.9,0.039,0.7481138963251399,4.014783670147836,11.768913603689137
Zona 5,Zona 5.1,2013,544888,432752,101,0,0,31,1860,20.22,52.03,475060,0,67,26,8,0,68.47,13.98,0.016,0.79420357945119,3.041801166418012,11.924101451241015
Zona 5,Zona 5.1,2014,535127,415586,101,0,0,32,2101,22.82,51.99,510981,0,63,19,6,0,67.34,8.57,0.016,0.7766119070800016,3.242669198426692,11.738830869388307,11.27318594873186
Zona 5,Zona 5.2,2008,179373,118630,36,0.5,0.0141,26,754,22.51,28.39,594120,-,-,-,-,-,-,-,-,0.6613592904171753,4.62275494672755,-
Zona 5,Zona 5.2,2009,166901,129482,36,0,0,27,760,22.69,28.39,456206,0,81,12,-,0,241.79,15.79,0.358,0.7758012234797874,2.847716894977169,9.028158295281584
Zona 5,Zona 5.2,2010,162042,107029,36,0,0,28,861,25.7,28.39,427097,-,71,15,-,-,211.94,17.42,0.028,0.6605015983510448,4.186681887366819,9.854033485540334
Zona 5,Zona 5.2,2011,171824,104460,36,0,0,28,862,25.73,33.37,-,-,84,14,0,-,250.75,16.24,0.131,0.6079476673805755,5.126636225266362,8.145281582952816
Zona 5,Zona 5.2,2012,196295,103821,36,0,0,28,863,25.76,32.99,-,0,65,54,7,0,194.03,62.57,0.046,0.5289029267174405,7.037595129375951,7.949771689497717
Zona 5,Zona 5.2,2013,173610,96373,36,0,0,29,863,25.76,32.03,-,-,64,31,9,-,185.07,35.92,0.339,0.5551120327170094,5.878006088280061,7.901141552511415
Zona 5,Zona 5.2,2014,172778,97109,36,0,0,30,890,26.57,32.03,-,-,69,27,1,-,200,30.34,0.403,0.5620449362766093,5.758675799086758,7.334322678843227,7.390334855403348
Zona 5,Zona 5.3,2008,1492616,1322164,160,4.6,0.0288,22,3339,20.87,127.28,160744,-,-,-,-,-,-,-,-,0.8858031804563263,2.9186986301369866,-
Zona 5,Zona 5.3,2009,1453460,1275390,161,2.003,0.0125,23,3360,20.93,126.87,168301,0,33,72,-,-,20.56,21.43,0.121,0.877485448515955,3.030205054028759,22.639794520547945
Zona 5,Zona 5.3,2010,2043180,1745458,221,0.17,0.0008,23,4633,21.01,92.33,256414,-,22,62,-,-,9.97,13.38,0.091,0.8542849871279085,3.690844852166367,21.703224708585044
Zona 5,Zona 5.3,2011,2133885,1849868,241,0.84,0.0035,24,4651,19.3,98.89,266605,-,46,62,0,-,15.36,12.9,0.054,0.8669014497032408,3.2287500710509858,21.638356164383563
Zona 5,Zona 5.3,2012,2224083,1902119,241,0.32,0.0013,25,4666,19.35,98.86,306590,0,34,51,6,-,11.2,10.29,0.111,0.8552374169489179,3.660137554709259,21.029591314727448
Zona 5,Zona 5.3,2013,2207163,1836922,241,0,0,26,4675,19.39,98.33,302466,-,44,55,11,-,17.42,11.76,0.119,0.8322547994869431,4.208958108338544,21.62358892741431
Zona 5,Zona 5.3,2014,2395193,1952854,241,0.757,0.0031,27,5415,22.44,98.26,319435,-,68,53,10,-,26.94,9.42,0.154,0.8153221890678538,5.028579548684135,20.88241914397772,22.20035241289149
Zona 5,Zona 5.4,2008,665139,510810,134,0.6,0.0045,25,2823,23.33,62.42,776918,-,-,-,-,-,-,-,-,0.7679748142869385,3.1553670006133716,-
Zona 5,Zona 5.4,2009,672568,508662,137,0.5,0.0036,26,2829,22.64,60.45,666729,6,84,22,-,48,67.23,7.78,0.083,0.7562982479095051,3.277792220777922,10.4438765078716
Zona 5,Zona 5.4,2010,688575,503460,137,0,0,26,2841,22.74,59.28,540902,0,99,21,-,0,79.23,7.39,0.061,0.7311621827687615,3.7019298070192983,10.172222777722228
Zona 5,Zona 5.4,2011,691695,501435,138,1.4,0.0101,28,2851,22.72,59.03,575708,0,104,32,10,0,74.12,9.12,0.14,0.7249365688634442,3.7772483621203095,10.068193180681932
Zona 5,Zona 5.4,2012,676131,500577,138,0.19,0.0014,29,2859,22.77,59.11,555206,0,121,26,4,0,91.58,8.39,0.113,0.7403550495392165,3.485288862418106,9.955032757593806
Zona 5,Zona 5.4,2013,628658,455517,138,0.34,0.0025,30,2864,22.8,58.65,354966,0,101,43,5,0,79.62,14.66,0.08,0.7245863410630263,3.437383363112964,9.937998808814772
Zona 5,Zona 5.4,2014,662846,508454,138,0.59,0.0043,31,2032,16.17,58.62,423862,0,121,26,5,0,92.32,12.8,0.086,0.7670771189688103,3.0651578320428827,9.0434187016081,10.09438157633512
Zona 6,Zona 6.1,2008,1799570,1295691,95,1,0.0105,24,1189,12.53,270.27,42840,-,-,-,-,-,-,-,-,0.720000333412982,14.531478010093728,-
Zona 6,Zona 6.1,2009,1811460,1199018,95,0,0,25,1207,12.72,296.56,23406,0,13,3,-,-,13.7,2.49,0,0.6619069700683426,17.662350396539292,37.36671953857246
Zona 6,Zona 6.1,2010,1872721,1178046,95,0,0,26,1235,13.02,296.56,18486,0,16,26,12,-,16.86,21.05,0.563,0.6290557963519392,20.033886085075704,34.578745493871665
Zona 6,Zona 6.1,2011,1807248,1226632,95,0.3,0.0032,27,1250,13.15,296.1,-,0,44,18,10,-,38.94,7.2,0.081,0.6787292059529185,16.74451333813987,33.97392934390771
Zona 6,Zona 6.1,2012,1706768,1178216,95,0,0,28,1265,13.31,296.1,-,0,22,6,8,-,22.1,4.74,0.619,0.6903199497529834,15.243028118240806,35.37511175198269
Zona 6,Zona 6.1,2013,1625692,1143600,95,0,0,29,1280,13.45,325.99,-,0,24,1,8,-,25.22,0.78,0.167,0.7034542828530865,13.903157894736841,33.97883201153569
Zona 6,Zona 6.1,2014,1605408,1145808,95,0.15,0.0016,30,1280,13.45,325.99,-,0,63,10,0,-,65.14,7.81,0.145,0.7137176343957424,13.254506128334533,32.98053352559481,33.04421052631579
Zona 6,Zona 6.2,2008,300796,216573,20,1,0.0499,33,568,28.36,142.69,8006,-,-,-,-,-,-,-,-,0.7199996010585247,11.537397260273972,-
Zona 6,Zona 6.2,2009,256045,175388,20,0,0,34,574,28.66,149.03,-,0,5,2,-,-,24.96,3.48,0,0.6849889667831827,11.04890410958904,29.667534246575343
Zona 6,Zona 6.2,2010,230247,177382,20,0,0,35,580,28.96,155.12,-,0,7,19,6,-,34.95,32.76,0,0.7703987456948408,7.241780821917808,24.025753424657534
Zona 6,Zona 6.2,2011,227073,201449,20,0,0,36,584,28.64,152.38,-,0,9,12,5,-,39.23,18.84,0,0.8871552320178974,3.51013698630137,24.298904109589042
Zona 6,Zona 6.2,2012,200731,179919,20,0,0,37,595,29.18,152.38,-,0,3,12,7,-,14.71,20.17,0,0.8963189542223174,2.850958904109589,27.595753424657538
Zona 6,Zona 6.2,2013,206698,174011,20,0,0,38,598,29.33,146.4,-,0,7,5,6,-,34.33,8.36,0.286,0.8418610726760781,4.477671232876712,24.646438356164385
Zona 6,Zona 6.2,2014,230835,185005,20,0,0,39,601,29.48,157.68,-,0,37,3,0,-,181.46,4.99,0,0.8014599172569151,6.278082191780822,23.83712328767123,25.34315068493151
Zona 6,Zona 6.3,2008,358559,184283,35,0,0,24,550,15.82,54.55,-,-,-,-,-,-,-,-,-,0.5139544677444995,13.641956947162427,-
Zona 6,Zona 6.3,2009,262690,168316,35,0,0,25,556,15.96,54.44,-,0,10,12,-,-,28.71,21.58,0.3,0.6407400357836233,7.387397260273973,14.425283757338553
Zona 6,Zona 6.3,2010,284849,190792,35,0,0,26,560,16.06,55.94,-,1,13,24,2,-,37.29,42.86,0.538,0.6698004907863464,7.362583170254403,13.17542074363992
Zona 6,Zona 6.3,2011,282180,182272,35,0,0,27,565,16.21,55.94,-,0,9,27,1,-,25.82,47.79,0.222,0.6459423063292934,7.820587084148728,14.934794520547944
Zona 6,Zona 6.3,2012,270790,165526,35,0,0,28,566,16.22,56.75,-,0,10,29,1,-,28.66,51.24,0.7,0.611270726393146,8.239843444227006,14.267866927592953
Zona 6,Zona 6.3,2013,264140,161447,35,0,0,29,566,16.22,54.46,-,0,15,31,2,-,42.99,54.77,0.4,0.6112175361550692,8.038590998043054,12.957025440313112
Zona 6,Zona 6.3,2014,250820,164095,35,0,0,30,568,16.24,55.37,-,0,13,13,2,-,34.31,22.89,0.25,0.6542341121122718,6.788649706457925,12.637729941291584,12.845009784735813
Zona 6,Zona 6.4,2008,1029264,821417,47,0.2,0.0043,32,1933,41.53,226.49,-,-,-,-,-,-,-,-,-,0.798062499028432,12.115826289711455,-
Zona 6,Zona 6.4,2009,1041275,774679,47,0.31,0.0066,31,1954,41.6,231.23,-,0,9,4,-,-,19.16,2.05,0,0.7439715733115652,15.540425531914893,47.88207519673565
Zona 6,Zona 6.4,2010,1089131,818204,47,0.79,0.0168,30,1980,42.07,234.82,-,0,18,24,5,-,38.24,12.12,0.167,0.7512447997531977,15.792888370737396,45.15762168464005
Zona 6,Zona 6.4,2011,1054434,806857,47,0.11,0.0023,30,2114,44.78,234.12,-,0,25,25,4,-,42.36,10.88,0.25,0.7652038913767956,14.43176916350918,47.69478286213931
Zona 6,Zona 6.4,2012,1030086,820147,47,0.88,0.0186,30,2184,46.16,233.63,-,0,14,20,7,-,25.36,8.24,0.083,0.7961927450717707,12.2377732439522,47.03334304867386
Zona 6,Zona 6.4,2013,1046240,833566,47,0.84,0.0177,30,2156,45.5,233.28,-,0,9,6,10,-,14.77,2.78,0.143,0.7967254167303869,12.397201981929467,47.808044301952776
Zona 6,Zona 6.4,2014,1128680,853232,47,0.17,0.0036,30,2158,45.55,233.28,-,-,11,10,0,-,23.22,4.63,0.091,0.755955629585002,16.056426697755754,48.59026522879627,49.73663654911105
Zona 6,Zona 6.5,2008,7050984,5163075,266,5,0.0188,19,10701,41,287.86,3036477,-,-,-,-,-,-,-,-,0.7322488605845652,19.444937686682458,-
Zona 6,Zona 6.5,2009,7716173,4546120,267,0.6,0.0023,19,10759,41.13,287.2,3088490,19,231,175,-,380,88.3,16.27,0.035,0.5891677130619026,32.528377199733214,53.178236687609434
Zona 6,Zona 6.5,2010,7301003,4466469,267,0.5,0.0019,20,10790,41.12,299.33,2872895,24,179,168,41,480,68.22,15.57,0.128,0.6117610142058564,29.085567697911856,46.64840182648402
Zona 6,Zona 6.5,2011,6965079,4793264,275,0.1,0.0004,20,10816,40.11,298.91,3009430,24,482,437,35,281.95,153.89,39.66,0.14,0.6881851591345913,21.63701120797011,45.83109127289518
Zona 6,Zona 6.5,2012,6829381,4649023,276,0.74,0.0027,21,10840,40.1,301.12,2865544,5,269,332,39,92.25,98.03,29.61,0.049,0.6807385618110924,21.643418701608102,47.75356413449565
Zona 6,Zona 6.5,2013,6825624,4474936,276,0.15,0.0005,22,10902,40.31,298.63,3321470,15,257,456,45,279.33,90.6,41.55,0.094,0.6556083370546049,23.334206869168153,46.14872940242207
Zona 6,Zona 6.5,2014,6648448,4744904,277,0.8,0.0029,23,10920,40.2,297.29,3323291,19,243,438,51,353.82,87.24,39.93,0.11,0.713685960994205,18.827397260273973,44.420647210641256,46.930458434300974
Zona 6,Zona 6.6,2008,1821651,1127719,54,0.5,0.0092,30,1200,22.18,558.34,140000,-,-,-,-,-,-,-,-,0.6190642444683422,35.20710299340436,-
Zona 6,Zona 6.6,2009,1709990,1088075,54,0.42,0.0078,31,1200,22.18,558.34,141995,0,10,44,-,-,18.48,36.67,0.5,0.6363048906718752,31.553272450532727,57.21557584982243
Zona 6,Zona 6.6,2010,1653415,1079820,54,0.07,0.0013,32,1200,22.16,570.72,175679,1,21,56,15,-,38.77,46.67,0.286,0.6530846762609508,29.101725012683918,55.20421106037544
Zona 6,Zona 6.6,2011,1594480,1063278,54,0,0,33,1209,22.32,570.72,135489,0,14,62,17,-,25.85,51.28,0.429,0.6668493803622497,26.950887874175546,54.785388127853885
Zona 6,Zona 6.6,2012,1600340,1013448,54,0.01,0.0002,34,1219,22.51,570.72,213249,0,25,57,15,-,46.16,45.94,0.44,0.6332704300336178,29.776357179096905,53.94611872146118
Zona 6,Zona 6.6,2013,1625700,1003229,54,0.37,0.0068,35,1221,22.54,570.72,222230,0,22,57,27,-,29.54,41.77,0.313,0.6171058620901766,31.581481481481482,51.417960426179604
Zona 6,Zona 6.6,2014,1666930,995918,54,0.058,0.0011,36,1228,22.67,570.72,225698,0,31,53,15,-,53.55,41.53,0.345,0.5974564018885016,34.044241501775744,50.89949264332826,50.52856418061898
Zona 7,Zona 7.1,2008,-,-,-,-,-,-,-,-,-,-,-,-,-,-,-,-,-,-,-,-,-
Zona 7,Zona 7.1,2009,-,-,-,-,-,-,-,-,-,-,-,-,-,-,-,-,-,-,-,-,-
Zona 7,Zona 7.1,2010,-,-,-,-,0,-,-,-,-,-,-,-,-,-,-,-,-,-,-,-,-
Zona 7,Zona 7.1,2011,919090,398882,77,1.29,0.0167,21,2329,38.11,98.31,66553,8,20,56,57,12.44,19.64,21.9,0,0.43399667061985225,18.509446717665895,-
Zona 7,Zona 7.1,2012,761740,371771,77,0,0,22,2332,38.16,100.02,68593,2,12,54,3,12.44,11.46,20.15,0,0.48805497938929293,13.87543141789717,14.19256360078278
Zona 7,Zona 7.1,2013,732705,390970,77,0,0,23,2333,38.18,100.63,62185,0,13,30,4,0,19.64,12.86,0,0.5335981056496134,12.15922433730653,13.227930973136452
Zona 7,Zona 7.1,2014,759162,423520,77,0,0,24,2334,38.2,100.2,23691,0,59,90,4,0,91.65,38.56,0.304,0.557878292116834,11.94243017256716,13.911047856253335,15.069204767834904
Zona 7,Zona 7.2,2008,292261,211059,23,0.8,0.0349,24,717,35.67,102.69,-,-,-,-,-,-,-,-,-,0.7221593028149497,9.672662298987493,-
Zona 7,Zona 7.2,2009,319823,190248,23,2.05,0.089,25,736,36.38,102.03,-,0,8,11,-,0,39.55,14.95,0.125,0.5948540286345885,15.434782608695652,25.141036331149497
Zona 7,Zona 7.2,2010,339720,200917,23,0.15,0.0065,26,746,36.8,111.74,-,0,11,7,8,0,54.27,9.38,0,0.5914194042152361,16.534008338296605,22.662060750446695
Zona 7,Zona 7.2,2011,386022,170518,23,0,0,27,748,36.9,112.19,-,2,12,15,6,71.43,59.2,20.05,0.75,0.4417313002885846,25.670518165574745,23.93293627159023
Zona 7,Zona 7.2,2012,359840,166979,23,0,0,28,747,36.73,111.8,-,0,9,15,5,0,24.58,20.08,0.6,0.46403679413072474,22.97331745086361,20.311852293031567
Zona 7,Zona 7.2,2013,270472,147703,23,0,0,-,748,36.77,111.8,-,0,2,11,4,0,9.83,14.71,0,0.5460934958147239,14.624061941631924,19.890291840381177
Zona 7,Zona 7.2,2014,315679,147028,23,0.21,0.0091,-,749,36.82,112.14,-,1,7,8,4,35.71,34.41,10.68,0.571,0.4657516021021354,20.089458010720666,17.594163192376413,17.51375818939845
Zona 7,Zona 7.3,2008,3733429,2065369,137,0,0,40,6099,47.49,127.31,2324783,-,-,-,-,-,-,-,-,0.5532096632880925,33.357864213578644,-
Zona 7,Zona 7.3,2009,3849743,2186106,137,0,0,41,6141,47.82,128.87,2305928,3,27,207,-,33.71,21.02,33.71,0.185,0.5678576466013445,33.26941305869413,41.3032496750325
Zona 7,Zona 7.3,2010,3685871,2047675,138,2.5,0.0181,42,6169,47.68,129.38,2159325,1,65,192,2,11.24,49.47,31.12,0,0.5555471149153076,32.523247965058566,43.71774822517748
Zona 7,Zona 7.3,2011,3791294,2004120,138,0,0,43,6184,47.79,129.36,2225528,2,110,213,3,0,66.47,32.99,0.081,0.5286110757962849,35.48092118324399,40.652670240222356
Zona 7,Zona 7.3,2012,3774983,2137533,138,0.05,0.0004,44,6196,47.89,129.36,2042107,1,91,264,12,11.24,60.28,40.83,0.064,0.5662364572237809,32.508437562040896,39.78796902918404
Zona 7,Zona 7.3,2013,3704278,2081158,138,1.49,0.0108,44,6206,47.95,135.42,2250326,3,104,201,11,33.86,76.49,31.74,0.121,0.561825543331251,32.22394282310899,42.436628945801075
Zona 7,Zona 7.3,2014,3903344,2184463,151,0.713,0.0047,44,6206,43.63,123.04,2207141,0,120,251,12,0,71.01,39.32,0.119,0.5596388634975549,31.18717227614987,41.31741115743498,39.63463666878345
Zona 7,Zona 7.4,2008,1918253,211059,141,1.3,0.0092,30,4643,34.69,140.37,28894,-,-,-,-,-,-,-,-,0.11002667531342321,33.17194209657048,-
Zona 7,Zona 7.4,2009,1966866,1396855,151,2.4,0.0159,31,4722,32.86,135.98,44539,1,87,74,-,13.76,60.54,15.67,0.092,0.7101932719361664,10.342211739090992,4.101020110754882
Zona 7,Zona 7.4,2010,1973056,1309506,151,0.71,0.0047,32,4814,33.56,147,15027,0,70,70,46,0,48.8,14.54,0.071,0.6636942894677089,12.039372221718226,25.344370860927153
Zona 7,Zona 7.4,2011,2467355,1722868,151,0.74,0.0049,33,4823,33.58,151.13,113711,6,52,102,43,78.64,32.02,20.94,0.217,0.6982651462801259,13.507883516284135,23.75952100154223
Zona 7,Zona 7.4,2012,2556921,1746090,151,0,0,33,4831,33.62,151.06,153106,0,51,180,34,0,30.62,37.26,0.523,0.6828877388077301,14.711621155765219,31.259511929601743
Zona 7,Zona 7.4,2013,2583262,1646509,151,0.72,0.0048,35,4849,33.76,152.56,209854,2,45,118,22,26.21,28.54,24.33,0.195,0.6373759223803083,16.996334936042818,31.680849133629682
Zona 7,Zona 7.4,2014,2864489,1719709,152,0,0,-,4854,33.63,148.7,196169,1,36,57,18,0,20.78,11.33,0.433,0.6003545484028739,20.63410237923576,29.874063322144607,30.996917808219177
Zona 7,Zona 7.5,2008,5055124,5055124,22,0,0,-,-,-,-,830088,-,-,-,-,-,-,-,-,-,0,-
Zona 7,Zona 7.5,2009,-,-,-,-,-,-,-,-,-,-,-,-,-,,-,-,-,-,-,-,629.5297633872976
Zona 7,Zona 7.5,2010,-,-,-,-,-,-,-,-,-,-,-,-,-,-,-,-,-,-,-,-,-
Zona 7,Zona 7.5,2011,-,-,-,-,-,-,-,-,-,-,-,-,-,-,-,-,-,-,-,-,-
Zona 7,Zona 7.5,2012,-,-,-,-,-,-,-,-,-,-,-,-,-,-,-,-,-,-,-,-,-
Zona 7,Zona 7.5,2013,-,-,-,-,-,-,-,-,-,-,-,-,-,-,-,-,-,-,-,-,-
Zona 7,Zona 7.5,2014,-,-,-,-,-,-,-,-,-,-,-,-,-,-,-,-,-,-,-,-,-,-
Zona 7,Zona 7.6,2008,3229000,2481271,123,2,0.0163,28,3938,32.52,487.61,1180000,-,-,-,-,-,-,-,-,0.7684332610715392,16.655061810892082,-
Zona 7,Zona 7.6,2009,3340599,2601088,123,0.05,0.0004,29,3555,29.3,486.61,1169440,0,99,160,-,0,81.59,45.01,0.141,0.7786292218850571,16.47201247354939,55.26831495712217
Zona 7,Zona 7.6,2010,3275542,2530332,124,0.06,0.0005,30,3555,29.17,491.25,1070017,0,96,133,17,0,78.76,37.41,0.219,0.7724926134361886,16.465090587715423,57.93714222073728
Zona 7,Zona 7.6,2011,3309967,2440432,124,0.05,0.0004,31,3555,29.2,492.91,1013295,0,74,153,2,0,50.93,42.76,0.177,0.7372979851460755,19.211997348652233,55.906584180291645
Zona 7,Zona 7.6,2012,3150015,2451157,124,0.22,0.0018,32,3555,29.15,491.94,896272,0,72,88,-,0,46.73,24.19,0.263,0.7781413739299654,15.440963323022535,53.92028281042863
Zona 7,Zona 7.6,2013,3045079,2409978,124,0.06,0.0005,33,3676,30.18,551.32,846746,1,49,63,-,55.13,32.84,17.14,0.125,0.7914336541022416,14.032280159080866,54.15724701723376
Zona 7,Zona 7.6,2014,3088840,2395370,123,0.085,0.0007,34,3686,30.31,552.25,948533,0,44,91,-,0,32.07,24.42,0.385,0.775491770373344,15.446486245684374,53.24741493592576,53.354939302817684
Zona 7,Zona 7.7,2008,3319472,2108447,210,0.326,0.0016,30,5939,29.31,94.17,1351036,-,-,-,-,-,-,-,-,0.6351754134392458,15.799412915851272,-
Zona 7,Zona 7.7,2009,3334685,2183423,212,3.2,0.0151,31,6116,29.76,92.86,1314803,0,261,107,-,0,127.01,17.5,0.019,0.6547613942546298,14.878030498836909,27.507462491846056
Zona 7,Zona 7.7,2010,3009780,1991875,213,0.92,0.0043,32,6189,30.06,100.42,1188298,0,145,78,61,0,70.43,12.6,0.014,0.6618008625215132,13.09286770853431,28.216890669423627
Zona 7,Zona 7.7,2011,2933360,1972751,213,0.76,0.0036,33,6192,30.06,102.39,1203519,0,126,178,58,0,37.86,23.9,0.128,0.6725226361578531,12.355894269727957,25.620618689304777
Zona 7,Zona 7.7,2012,3011280,2052425,213,1.09,0.0051,34,6206,30.12,102.18,1308447,0,97,144,43,0,38.34,20.79,0.127,0.6815789298902792,12.333333333333334,25.374635024760433
Zona 7,Zona 7.7,2013,3314368,2370883,229,1.68,0.0074,35,6534,30.38,98.18,1446096,0,87,142,36,0,33.48,21.27,0.111,0.7153348692722111,11.28773105222229,26.399446909769118
Zona 7,Zona 7.7,2014,3550001,2474348,239,1.991,0.0083,36,6551,29.02,94.91,1637448,0,119,167,28,0,42.52,21.68,0.125,0.6969992402819042,12.330521006476758,28.36493389962314,28.364165759156304
Zona 7,Zona 7.8,2008,-,-,21,0,0,25,245,14.41,18.29,11425,-,-,-,-,-,-,-,-,-,-,-
Zona 7,Zona 7.8,2009,-,-,21,0.42,0.02,26,246,14.47,18.12,-,0,7,3,-,0,41.18,12.2,0,-,-,-
Zona 7,Zona 7.8,2010,-,-,21,0.08,0.0038,27,250,14.71,19.06,-,1,9,5,0,25,52.94,20,0,-,-,-
Zona 7,Zona 7.8,2011,-,-,21,0.22,0.0104,28,250,14.62,16.61,-,1,3,10,1,24.33,17.54,40,0,-,-,-
Zona 7,Zona 7.8,2012,13345,-,21,0,0,29,323,18.89,16.61,-,0,2,14,1,0,11.7,43.34,0,-,-,-
Zona 7,Zona 7.8,2013,103522,-,21,0.09,0.0042,30,410,23.98,16.08,-,0,7,4,2,0,29.24,7.32,0,-,-,-
Zona 7,Zona 7.8,2014,71763,-,21,0,0,31,410,23.98,16.08,-,1,4,8,1,24.33,23.39,19.51,0,-,-,-,-
Zona 7,Zona 7.9,2008,931906,709666,53,0,0,38,820,16.4,257.8,1034730,-,-,-,-,-,-,-,-,0.7615210117758658,11.488239855259758,-
Zona 7,Zona 7.9,2009,961026,748615,53,0.14,0.0026,39,850,17,30.4,1051256,0,18,40,-,0,36,47.06,0.056,0.778974762389363,10.980149909537348,36.68472473507366
Zona 7,Zona 7.9,2010,886629,648055,53,0,0,40,861,17.18,30.33,1025630,0,24,52,0,0,47.89,60.39,0.042,0.7309201481115551,12.332592401137244,38.69811320754717
Zona 7,Zona 7.9,2011,882402,618387,54,0.12,0.0022,41,861,17.05,30.09,1106132,0,23,64,0,0,35.64,74.33,0.056,0.7007996355402639,13.394977168949772,33.49987076764022
Zona 7,Zona 7.9,2012,1030193,736407,54,0,0,42,861,17.05,30.09,1331807,0,40,68,10,0,77.21,78.98,0.154,0.7148243096196538,14.905428716387622,31.37427701674277
Zona 7,Zona 7.9,2013,930415,674902,54,0,0,43,862,17.07,30.09,1236933,0,36,64,9,0,69.29,74.25,0.086,0.7253773853602962,12.963622526636227,37.362100456621
Zona 7,Zona 7.9,2014,952699,714007,54,0.06,0.0011,43,863,17.09,30.09,1297575,0,49,84,2,0,91.07,97.33,0.109,0.7494570688118702,12.11019786910198,34.24160324708269,36.22562151192288
Zona 7,Zona 7.10,2008,13920,2788,3,0,0,1,152,58.46,990,-,-,-,-,-,-,-,-,-,0.20028735632183908,10.1662100456621,-
Zona 7,Zona 7.10,2009,10292,10084,3,0,0,2,152,58.46,990,-,0,0,0,-,-,0,0,-,0.9797901282549553,0.18995433789954336,2.546118721461187
Zona 7,Zona 7.10,2010,10030,9712,3,0,0,3,152,58.46,1102.69,-,0,0,0,0,-,0,0,-,0.9682951146560319,0.29041095890410956,9.209132420091324
Zona 7,Zona 7.10,2011,8532,8384,3,0,0,4,152,58.46,367.69,-,0,0,0,0,-,0,0,-,0.9826535396155649,0.13515981735159818,8.869406392694064
Zona 7,Zona 7.10,2012,22777,16725,3,0,0,5,152,58.46,438.46,-,0,0,0,0,-,0,0,-,0.7342933661149406,5.526940639269406,7.65662100456621
Zona 7,Zona 7.10,2013,-,-,-,-,0,-,-,-,-,-,-,-,-,-,-,-,-,-,-,-,15.273972602739725
Zona 7,Zona 7.10,2014,-,-,-,-,-,-,-,-,-,-,-,-,-,-,-,-,-,-,-,-,-,-
Zona 8,Zona 8.1,2008,1491960,997387,67,0,0,23,2468,37.97,312.63,573481,-,-,-,-,-,-,-,-,0.6685078688436688,20.223798814148434,-
Zona 8,Zona 8.1,2009,1425494,1002565,67,1.65,0.0246,23,2475,38.04,317.48,512536,0,44,52,-,0,67.63,21.01,0.091,0.7033105716334127,17.294172970762624,40.78458392966673
Zona 8,Zona 8.1,2010,1354481,950446,67,0,0,23,2472,38,317.48,491316,1,31,38,15,52.63,47.65,15.37,0,0.7017049334763648,16.5215702310366,40.996319771007975
Zona 8,Zona 8.1,2011,1284620,986129,67,0,0,24,2480,38.12,318.6,417689,0,35,56,16,0,47.65,22.18,0.226,0.767642571344055,12.205724800654265,38.86509916172562
Zona 8,Zona 8.1,2012,1276742,915316,67,0,0,25,2482,38.15,321,428968,0,23,50,15,0,35.35,20.15,0.043,0.7169153987258193,14.779227151911675,40.32422817419751
Zona 8,Zona 8.1,2013,1266906,885534,67,0,0,28,2500,38.43,321,445959,0,37,56,12,0,56.87,22.4,0.135,0.6989737202286516,15.594847679411163,37.428583111838066
Zona 8,Zona 8.1,2014,1286893,937060,70,0.126,0.0018,28,2512,37.25,313.27,391979,0,59,93,15,0,86.02,37.02,0.121,0.7281568863922642,13.692093933463797,36.21075444694337,36.67553816046967
Zona 8,Zona 8.2,2008,502676,147965,30,0,0,46,825,41.25,65.6,976944,-,-,-,-,-,-,-,-,0.2943546141053084,32.39369863013699,-
Zona 8,Zona 8.2,2009,332027,151454,30,0.3,0.01,47,829,41.45,74.05,604857,0,42,27,-,0,210,32.57,0.024,0.45614965048023204,16.490684931506852,13.512785388127854
Zona 8,Zona 8.2,2010,297322,144175,31,1.59,0.052,48,831,40.42,70.28,540059,2,54,70,15,20,262.65,84.24,0.093,0.48491198094994653,13.534865223155103,13.831415525114155
Zona 8,Zona 8.2,2011,273197,136242,31,0.076,0.0025,49,832,40.47,72.42,525665,2,60,31,18,20,291.83,37.26,0.117,0.49869508083910147,12.103844454264252,12.741935483870968
Zona 8,Zona 8.2,2012,272752,144659,31,0,0,50,835,40.61,64.93,539892,1,45,42,10,10,218.87,50.3,0,0.5303682466123072,11.320636323464427,12.040830755634115
Zona 8,Zona 8.2,2013,241012,126399,31,0,0,52,837,40.71,64.83,470932,0,57,26,7,0,277.24,31.06,0.035,0.5244510646772775,10.12929739284136,12.784710561201944
Zona 8,Zona 8.2,2014,260925,146129,31,0.85,0.0278,54,838,40.76,64.83,527060,0,50,17,5,0,243.19,20.29,0.3,0.5600421577081537,10.1454706142289,11.17092355280601,12.914626601855943
Zona 8,Zona 8.3,2008,4073568,2782569,185,0.5,0.0027,24,10150,59.01,136.08,1302712,-,-,-,-,-,-,-,-,0.6830790599297717,19.11883006293965,-
Zona 8,Zona 8.3,2009,4044650,2571585,185,1,0.0054,24,10180,59.12,135.92,1074671,3,84,234,-,24,48.78,22.99,0.274,0.6357991420765703,21.81510551647538,41.20798222880415
Zona 8,Zona 8.3,2010,3892161,2545205,185,0,0,24,10206,59.27,135.92,1011841,3,44,253,18,24,25.55,24.79,0.091,0.6539310681135749,19.947515734912994,38.08345057386153
Zona 8,Zona 8.3,2011,3832867,2526042,185,0.7,0.0038,24,10216,59.33,135.92,944765,3,47,253,16,24,26.13,24.77,0.244,0.6590476528405499,19.35320251758608,37.69278045168456
Zona 8,Zona 8.3,2012,3711370,2527509,185,0.45,0.0024,25,10226,59.26,135.06,899345,1,35,207,-,7.89,20.28,20.14,0.257,0.6810177912738423,17.532188078489447,37.40898926323584
Zona 8,Zona 8.3,2013,3515983,2381182,185,0.4,0.0022,25,10232,59.3,129.19,872249,2,49,146,-,15.79,27.82,14.27,0.563,0.6772450264975683,16.80564235468345,37.430714550166606
Zona 8,Zona 8.3,2014,3227755,2261800,185,0.45,0.0024,25,10240,59.35,129.19,550885,3,51,170,-,15.79,27.82,16.6,0.542,0.7007347211916641,14.305146242132544,35.26370973713439,33.49574231766013
Zona 8,Zona 8.4,2008,-,-,-,-,-,-,-,-,-,-,-,-,-,-,-,-,-,-,-,-,-
Zona 8,Zona 8.4,2009,-,-,39,-,0,29,-,-,-,-,-,-,-,-,-,-,-,-,-,-,-
Zona 8,Zona 8.4,2010,653010,317313,39,0,0,28,2098,55.21,162.18,201417,0,20,18,8,0,52.63,8.58,0.45,0.4859236458859742,23.58250790305585,-
Zona 8,Zona 8.4,2011,671760,286969,39,0,0,28,2108,55.47,160.55,199999,0,14,41,8,0,21.05,18.5,0.75,0.4271897701560081,27.031331225851773,22.29104320337197
Zona 8,Zona 8.4,2012,678890,286746,39,0,0,30,2113,55.61,160.92,191083,0,14,46,10,0,36.84,21.3,0.429,0.4223747587974488,27.547874956094134,20.159395855286267
Zona 8,Zona 8.4,2013,687710,280231,39,0,0,32,2121,55.82,158.24,169841,0,23,39,16,0,57.89,17.92,0.136,0.4074842593535066,28.6251492799438,20.143730242360377
Zona 8,Zona 8.4,2014,637088,286018,39,0,0,34,2125,55.92,158.24,-,0,9,47,12,0,23.68,22.12,0.778,0.44894582851976494,24.662451703547593,19.6860554970144,20.092588689848963
Zona 8,Zona 8.5,2008,629706,264334,20,0.2,0.01,49,1250,62.5,194.95,244049,-,-,-,-,-,-,-,-,0.4197736721581182,50.050958904109585,-
Zona 8,Zona 8.5,2009,740815,244935,21,0.21,0.0102,50,1250,60.56,199.95,285394,3,31,40,-,-,150.19,32,0.161,0.33062910443228066,64.69406392694063,36.21013698630137
Zona 8,Zona 8.5,2010,670885,235258,21,0.05,0.0024,51,1250,60.56,203.29,265048,3,73,71,3,-,353.68,56.8,0.055,0.3506681472979721,56.833268101761256,31.95499021526419
Zona 8,Zona 8.5,2011,595850,234753,21,0.1,0.0048,52,1253,59.7,199.67,270646,0,97,72,6,-,462.12,57.46,0.01,0.3939800285306705,47.10984996738421,30.692498369210696
Zona 8,Zona 8.5,2012,627254,239156,21,0.05,0.0024,53,1254,59.97,200.43,270153,0,82,86,15,-,392.16,68.58,0.012,0.38127457138575443,50.63248532289628,30.626614481409003
Zona 8,Zona 8.5,2013,543136,231362,21,0.05,0.0024,54,1256,59.75,192.91,240696,0,85,61,7,-,385.35,47.77,0.049,0.4259743416013669,40.67501630789302,31.201043705153293
Zona 8,Zona 8.5,2014,527880,239686,21,0.17,0.0081,55,1257,59.8,192.91,253499,1,76,52,6,-,337.77,41.37,0.113,0.4540539516556793,37.59869536855838,30.184213959556427,31.270189171559036
Zona 8,Zona 8.6,2008,363261,128795,60,-,0,23,1215,20.41,42,113603,-,-,-,-,-,-,-,-,0.3545522365461748,10.7062100456621,-
Zona 8,Zona 8.6,2009,759226,332321,60,0.94,0.0158,24,1237,20.78,42,132443,0,275,19,-,-,462.03,15.36,0.004,0.4377102470147229,19.49337899543379,5.881050228310503
Zona 8,Zona 8.6,2010,672236,316766,60,1.2,0.0202,25,1270,21.34,42,135869,0,301,50,301,-,505.71,39.37,0,0.4712124908514272,16.231506849315068,15.174474885844749
Zona 8,Zona 8.6,2011,710100,278131,60,0.17,0.0028,26,1270,21.27,41.86,126149,2,236,388,201,-,395.18,305.51,0.017,0.39167863681171666,19.72461187214612,14.46420091324201
Zona 8,Zona 8.6,2012,701733,279880,60,1.27,0.0213,27,1270,21.27,41.86,175311,0,189,317,186,-,316.48,249.61,0,0.398841154684189,19.26269406392694,12.700045662100456
Zona 8,Zona 8.6,2013,734930,244338,60,0.96,0.0161,28,1275,21.38,49.01,161775,0,63,300,155,-,105.63,235.29,0.048,0.33246431632944634,22.401461187214615,12.779908675799087
Zona 8,Zona 8.6,2014,646812,268039,60,0.36,0.006,29,1279,21.45,49.01,205209,0,50,384,137,-,83.84,300.23,0.16,0.414400165735948,17.29557077625571,11.156986301369864,12.239223744292238
Zona 8,Zona 8.7,2008,1536805,1027445,179,0,0,18,4760,26.57,30.43,111140,-,-,-,-,-,-,-,-,0.6685591210335728,7.796127649804852,-
Zona 8,Zona 8.7,2009,1974595,1162652,179,0.4,0.0022,19,4765,26.59,30.43,157901,0,557,31,-,-,310.86,6.51,0.004,0.588805299314543,12.427381954541977,15.725797811280325
Zona 8,Zona 8.7,2010,2005137,1014051,179,0.25,0.0014,20,4864,27.15,30.43,161323,11,537,132,532,-,299.7,27.14,0.009,0.5057265413784694,15.169296701614757,17.795239917349047
Zona 8,Zona 8.7,2011,2042837,999623,179,0.42,0.0023,21,4864,27.11,30.39,249573,10,395,501,359,-,220.18,103,0.018,0.48933076892576355,15.967153899135225,15.520792836917424
Zona 8,Zona 8.7,2012,1870231,1046768,179,0.15,0.0008,22,4867,27.13,30.39,240117,2,321,586,315,-,178.93,120.4,0.022,0.5596998445646554,12.603703987143186,15.299961735670006
Zona 8,Zona 8.7,2013,2124957,977536,179,3.09,0.0172,23,4880,27.2,40.7,92104,1,103,432,276,-,56.86,88.52,0.039,0.46002624994294,17.562118313308332,16.02155047065126
Zona 8,Zona 8.7,2014,2387453,1030810,179,0.748,0.0042,24,4901,27.32,40.17,-,0,108,584,225,-,60.2,119.16,0.157,0.4317613791768885,20.764414173107827,14.96190403306038,15.777301599448995
Zona 8,Zona 8.8,2008,188395,84942,7,0.05,0.0071,22,860,122.86,260.57,-,-,-,-,-,-,-,-,-,0.4508718384245866,40.49041095890411,-
Zona 8,Zona 8.8,2009,178396,91615,7,0.1,0.0143,23,869,124.14,260.86,-,0,8,12,-,-,114.29,13.81,0.5,0.5135485100562793,33.9651663405088,33.2454011741683
Zona 8,Zona 8.8,2010,174148,89607,7,0.34,0.0459,24,869,117.43,248.65,-,0,3,17,1,-,40.54,19.56,0,0.5145450995704803,33.08845401174168,35.85714285714286
Zona 8,Zona 8.8,2011,172855,89764,7,0.01,0.0014,25,869,117.59,248.99,-,0,11,30,1,-,148.85,34.52,0.273,0.5193023054004802,32.520939334637966,35.07123287671233
Zona 8,Zona 8.8,2012,170401,82657,7,0,0,26,869,117.59,253.72,-,0,12,11,2,-,162.38,12.66,0.167,0.485073444404669,34.342074363992175,35.13268101761252
Zona 8,Zona 8.8,2013,173567,82406,7,0,0,27,870,117.73,249.26,-,0,9,17,2,-,121.79,19.54,0,0.47477919189707724,35.679452054794524,32.351076320939335
Zona 8,Zona 8.8,2014,138687,84769,7,0,0,28,888,120.16,249.26,-,0,4,21,1,-,54.13,23.65,0,0.6112252770627384,21.10293542074364,32.25283757338552,33.17769080234834
Zona 8,Zona 8.9,2008,1404720,1089229,74,0,0,22,1370,18.51,251.31,-,-,-,-,-,-,-,-,-,0.7754064867019762,11.680525731210661,-
Zona 8,Zona 8.9,2009,1340600,982947,74,0.22,0.003,22,1408,19.03,251.31,-,0,62,103,-,-,83.78,73.15,0.048,0.7332142324332388,13.241503146982598,40.326878933728246
Zona 8,Zona 8.9,2010,1290830,939061,74,1.5,0.0203,22,1433,19.36,251.31,-,1,29,53,10,-,39.19,36.99,0.069,0.7274861910553675,13.023657904479823,36.39196593854128
Zona 8,Zona 8.9,2011,1251430,897766,74,0.534,0.0072,22,1445,19.53,259.64,3679,0,19,51,12,-,18.92,25.61,0.357,0.7173921034336719,13.09381710477601,34.767160310995926
Zona 8,Zona 8.9,2012,1305770,876760,74,0,0,23,1450,19.59,259.64,13588,0,19,24,10,-,24.32,16.55,0.222,0.6714505617375188,15.883376527212144,33.23828211773417
Zona 8,Zona 8.9,2013,1194180,889138,74,0,0,25,1553,20.99,250,22896,0,16,20,8,-,21.62,12.88,0.25,0.7445594466495838,11.293669011477231,32.460570159200294
Zona 8,Zona 8.9,2014,1149960,844952,79,0,0,24,1561,19.81,238.96,30518,0,11,37,6,-,13.96,23.7,0.273,0.7347664266583186,10.577700710941564,32.91884487226953,29.30299982659962
Zona 8,Zona 8.10,2008,2177905,1110407,89,0.6,0.0067,50,8015,102.76,230.82,1066890,-,-,-,-,-,-,-,-,0.509850980644243,32.86125904263506,-
Zona 8,Zona 8.10,2009,2201010,1086316,89,1.18,0.0133,50,8039,103.06,235.44,1390650,1,46,38,-,9.09,58.97,4.73,0.152,0.49355341411442927,34.31411420655687,34.182145605664154
Zona 8,Zona 8.10,2010,2385791,1026104,89,0.41,0.0046,51,8055,103.12,235.1,1351630,0,91,112,26,0,116.5,13.9,0.505,0.4300896432252448,41.855841157457284,33.44054178851778
Zona 8,Zona 8.10,2011,1831794,1044339,89,0.87,0.0098,52,8059,103.11,234.95,980758,2,71,127,23,18.18,78.05,14.52,0.23,0.5701181464728021,24.24057257195629,31.587009388948747
Zona 8,Zona 8.10,2012,1846418,974785,89,0,0,53,8063,103.16,234.95,1026976,0,36,77,20,0,46.06,9.3,0.306,0.5279330032527846,26.831860858857933,32.14834539018008
Zona 8,Zona 8.10,2013,1898261,1029748,89,0,0,54,8070,103.25,229.22,1081787,0,35,62,15,0,44.78,7.68,0.257,0.5424691335912185,26.735816530706483,30.007234108049868
Zona 8,Zona 8.10,2014,1891218,982078,89,0,0,56,8075,103.31,229.22,1255925,0,54,54,12,0,69.09,6.69,0.444,0.5192833401543344,27.986455287055566,31.699184238879482,30.23173772510389
Zona 8,Zona 8.11,2008,2562641,2316389,20,0,0,40,363,43.84,144.61,2019620,-,-,-,-,-,-,-,-,0.9039069459982885,33.73315068493151,-
Zona 8,Zona 8.11,2009,2528911,2318734,20,0.05,0.0025,41,363,43.94,144.61,1935811,0,210,11,-,0,-,30.3,0,0.9168903136567479,28.7913698630137,317.3135616438356
Zona 8,Zona 8.11,2010,2571387,2401787,20,0.2,0.0102,42,366,44.09,150.96,1772589,16,173,33,173,81.22,-,90.16,0,0.9340433781457245,23.232876712328768,317.6347945205479
Zona 8,Zona 8.11,2011,2524833,2306481,20,0,0,43,366,44.19,150.96,2145863,9,75,129,73,45.69,-,352.46,0,0.9135182406123494,29.91123287671233,329.0119178082192
Zona 8,Zona 8.11,2012,2327887,2125749,20,0.69,0.035,44,366,44.53,151.63,2557079,13,58,146,95,65.99,-,398.91,0,0.9131667473550048,27.69013698630137,315.956301369863
Zona 8,Zona 8.11,2013,2800582,2535751,20,0,0,45,366,44.75,153.97,2293395,14,29,166,98,71.07,-,453.55,0,0.9054371555626652,36.27821917808219,291.1984931506849
Zona 8,Zona 8.11,2014,3021393,2805747,20,0,0,46,366,45.02,153.97,2077221,20,15,243,111,101.52,-,663.93,0.067,0.9286269611401099,29.54054794520548,347.3631506849315,384.34890410958906
Zona 8,Zona 8.12,2008,1073180,656340,55,0.01,0,27,1780,-,-,395884,-,-,-,-,-,-,-,-,0.6115842635904508,20.764134495641347,-
Zona 8,Zona 8.12,2009,1079038,640926,55,0.31,0.0002,28,1784,-,-,379733,0,23,17,-,0,56.65,9.53,0.087,0.5939790813669212,21.82376089663761,32.69439601494396
Zona 8,Zona 8.12,2010,1135514,676214,55,0.08,0.0056,29,1790,-,-,399665,0,20,33,3,0,49.26,18.44,0.1,0.5955135735887008,22.879202988792027,31.926575342465757
Zona 8,Zona 8.12,2011,1074619,692358,55,0.06,0.0014,30,1794,-,-,436983,3,16,28,4,6.85,36.95,15.61,0.2,0.6442822991218283,19.041643835616437,33.684383561643834
Zona 8,Zona 8.12,2012,975373,642278,55,0,0.0011,31,1808,-,-,378450,3,27,37,7,20.55,61.58,20.46,0.16,0.6584947502135081,16.59252801992528,34.488567870485674
Zona 8,Zona 8.12,2013,918722,631671,55,0,0,32,1817,-,-,372046,0,21,23,10,0,51.72,12.66,0.095,0.6875540152516213,14.29892901618929,31.99392278953923
Zona 8,Zona 8.12,2014,971831,664715,55,-,0,33,1828,-,-,377668,1,21,20,6,0,49.26,10.94,0.1,0.6839820915364915,15.29843088418431,31.46555417185554,33.11158156911581
